"[1.0, 0.1980315075670287, 0.3176319152773426, 1.0]"
"[1.0, 0.8304586357835374, 0.7051403311295327, 0.0]"
"[1.0, 0.7693577492092948, 0.7971929559502001, 0.0]"
"[1.0, 0.8411180819004733, 0.7549715244532654, 0.0]"
"[1.0, 0.7796020313528379, 0.7895509810089157, 0.0]"
"[1.0, 0.8812980251082455, 0.8598510534758133, 0.0]"
"[1.0, 0.665420230284823, 0.5862102667656345, 0.0]"
"[1.0, 0.24578142725048657, 0.07725926598973712, 1.0]"
"[1.0, 0.9006325086084848, 0.8291477987966178, 0.0]"
"[1.0, 0.8088139342322379, 0.7549177416334024, 0.0]"
"[1.0, 0.17541734794228853, 0.30708294540445824, 1.0]"
"[1.0, 0.36171661453774356, 0.14811349451489433, 1.0]"
"[1.0, 0.8842131031220493, 0.8734575478100006, 0.0]"
"[1.0, 0.8426589821158158, 0.7584543460631079, 0.0]"
"[1.0, 0.8176405044641748, 0.6824486291771943, 0.0]"
"[1.0, 0.1983723829183322, 0.2899498774154405, 1.0]"
"[1.0, 0.18225091044149838, 0.2780643431922072, 1.0]"
"[1.0, 0.1131390529403287, 0.19720409419144, 1.0]"
"[1.0, 0.21093591088024977, 0.24817397648458142, 1.0]"
"[1.0, 0.7853150544076453, 0.7881799679952562, 0.0]"
"[1.0, 0.18707411475126426, 0.2398897480009614, 1.0]"
"[1.0, 0.2940068055252561, 0.05437846614979807, 1.0]"
"[1.0, 0.8971632093931116, 0.7345465121790383, 0.0]"
"[1.0, 0.19715153189473972, 0.2226876380278907, 1.0]"
"[1.0, 0.22949372256824704, 0.3010127327991238, 1.0]"
"[1.0, 0.8117980674225319, 0.6204379337888979, 0.0]"
"[1.0, 0.2819717127049106, 0.18209822828275055, 1.0]"
"[1.0, 0.8117050905522863, 0.8372376940213379, 0.0]"
"[1.0, 0.25205378377067966, 0.23028202342069629, 1.0]"
"[1.0, 0.2417362821587578, 0.29345921229179545, 1.0]"
"[1.0, 0.2783866879779194, 0.1742981021069061, 1.0]"
"[1.0, 0.24554861613340181, 0.18977208645590274, 1.0]"
"[1.0, 0.6987961711558767, 0.6992535036721466, 0.0]"
"[1.0, 0.18561959395353722, 0.15045417407482398, 1.0]"
"[1.0, 0.22573746914467868, 0.1855011671631548, 1.0]"
"[1.0, 0.21495588178529096, 0.18237785973530704, 1.0]"
"[1.0, 0.12988260588052108, 0.21946645035326062, 1.0]"
"[1.0, 0.8902926523456567, 0.7731292778774908, 0.0]"
"[1.0, 0.19043023491747388, 0.18681162377688493, 1.0]"
"[1.0, 0.6508309163807879, 0.9108840220172938, 0.0]"
"[1.0, 0.1619047644097969, 0.163222247643388, 1.0]"
"[1.0, 0.2596357914618989, 0.24836752281081623, 1.0]"
"[1.0, 0.20097503162748584, 0.22026285059569872, 1.0]"
"[1.0, 0.1884867511223042, 0.24428123217884148, 1.0]"
"[1.0, 0.22838659098274672, 0.23410294675280094, 1.0]"
"[1.0, 0.8940386749092767, 0.754852945983525, 0.0]"
"[1.0, 0.20900234645645216, 0.32969332866315126, 1.0]"
"[1.0, 0.8183897310724363, 0.7254772563789698, 0.0]"
"[1.0, 0.16297102391870155, 0.13042546918168038, 1.0]"
"[1.0, 0.133808435056379, 0.16331411536427098, 1.0]"
"[1.0, 0.17623353171232417, 0.2053034976049587, 1.0]"
"[1.0, 0.8540847833939634, 0.8181516811339223, 0.0]"
"[1.0, 0.9104583948302389, 0.8283079525806282, 0.0]"
"[1.0, 0.7846851195687821, 0.6978139843588899, 0.0]"
"[1.0, 0.24117160007582478, 0.18754618005121815, 1.0]"
"[1.0, 0.8763441532137146, 0.7352922066096386, 0.0]"
"[1.0, 0.8829965211588776, 0.7828639275201668, 0.0]"
"[1.0, 0.8001366556269953, 0.8207939315011342, 0.0]"
"[1.0, 0.3325566520215753, 0.14253638339284122, 1.0]"
"[1.0, 0.20703989452954258, 0.10653030969037265, 1.0]"
"[1.0, 0.8297066554000824, 0.8083776856831527, 0.0]"
"[1.0, 0.2588602654871637, 0.31322900414256877, 1.0]"
"[1.0, 0.1825993663458956, 0.1514341287992956, 1.0]"
"[1.0, 0.8090737613343664, 0.7682852740941829, 0.0]"
"[1.0, 0.7980808003097027, 0.8243797436269948, 0.0]"
"[1.0, 0.08875740596765797, 0.22148296753696467, 1.0]"
"[1.0, 0.3393596952222936, 0.16886993561484395, 1.0]"
"[1.0, 0.21475519481479433, 0.13438025112143565, 1.0]"
"[1.0, 0.20347269460139839, 0.2398688439679895, 1.0]"
"[1.0, 0.3360020005552978, 0.15868060507212467, 1.0]"
"[1.0, 0.22160337023497997, 0.22685251883945837, 1.0]"
"[1.0, 0.8131173762781128, 0.7306818371696594, 0.0]"
"[1.0, 0.8713695850669547, 0.7863789281423498, 0.0]"
"[1.0, 0.20001016131302166, 0.3087414993266903, 1.0]"
"[1.0, 0.1389446823964747, 0.15708243055051674, 1.0]"
"[1.0, 0.12874212473292795, 0.20863530285506002, 1.0]"
"[1.0, 0.8495930466752115, 0.820903839659816, 0.0]"
"[1.0, 0.08755342846513431, 0.23877446981363828, 1.0]"
"[1.0, 0.7985644234007536, 0.7372857169466274, 0.0]"
"[1.0, 0.7759325421595279, 0.8062393063081328, 0.0]"
"[1.0, 0.872494306521995, 0.7484171841464892, 0.0]"
"[1.0, 0.8081455850880955, 0.6701765409285159, 0.0]"
"[1.0, 0.7760347577994884, 0.708934245682911, 0.0]"
"[1.0, 0.7300275832833761, 0.7650367733908824, 0.0]"
"[1.0, 0.0718271430467011, 0.27923455300527045, 1.0]"
"[1.0, 0.11460364575684638, 0.2427899885573041, 1.0]"
"[1.0, 0.8034513259455245, 0.7034022773446701, 0.0]"
"[1.0, 0.8519453023499194, 0.7737425695050663, 0.0]"
"[1.0, 0.2886883462128876, 0.22266651580936472, 1.0]"
"[1.0, 0.26913158489902483, 0.18755174819368509, 1.0]"
"[1.0, 0.11840699066829875, 0.10982223528534535, 1.0]"
"[1.0, 0.8123816472495484, 0.8406957144354144, 0.0]"
"[1.0, 0.3195671705279835, 0.20825630687503394, 1.0]"
"[1.0, 0.2551429507694145, 0.2836812121152543, 1.0]"
"[1.0, 0.2499116543779364, 0.21951909262339586, 1.0]"
"[1.0, 0.7341775114538361, 0.8015928854705907, 0.0]"
"[1.0, 0.154171672567878, 0.19774596812766906, 1.0]"
"[1.0, 0.32470153666449136, 0.10401909621707374, 1.0]"
"[1.0, 0.15943746305312942, 0.3180488305209228, 1.0]"
"[1.0, 0.26738394228199, 0.06382109338484118, 1.0]"
"[1.0, 0.7640098953048142, 0.7778445618591989, 0.0]"
"[1.0, 0.7662509712067618, 0.7461347749731166, 0.0]"
"[1.0, 0.20810237922241304, 0.3300613599811515, 1.0]"
"[1.0, 0.8211059280326876, 0.7679933391800843, 0.0]"
"[1.0, 0.7653418027991978, 0.6207321994881512, 0.0]"
"[1.0, 0.8470840143577197, 0.6998810281645721, 0.0]"
"[1.0, 0.8797683178383386, 0.831839543830636, 0.0]"
"[1.0, 0.1547565488352866, 0.24815964068864538, 1.0]"
"[1.0, 0.8562530263683932, 0.6721060109650964, 0.0]"
"[1.0, 0.7965402638809884, 0.840761323861086, 0.0]"
"[1.0, 0.09261291828465182, 0.21530198332720277, 1.0]"
"[1.0, 0.11488555335991452, 0.14806936246565391, 1.0]"
"[1.0, 0.8232148889351013, 0.6346164077288863, 0.0]"
"[1.0, 0.2699754288528789, 0.16238280921746578, 1.0]"
"[1.0, 0.18011921279629628, 0.14351656518839814, 1.0]"
"[1.0, 0.8194721563863044, 0.6852691853667581, 0.0]"
"[1.0, 0.15218199357884737, 0.26519504220663054, 1.0]"
"[1.0, 0.23994331956090256, 0.12476203941169865, 1.0]"
"[1.0, 0.7224417283361444, 0.889474175514769, 0.0]"
"[1.0, 0.8995213545929717, 0.6643534229197395, 0.0]"
"[1.0, 0.8505667837341023, 0.6745024364630223, 0.0]"
"[1.0, 0.31528585126953684, 0.2998958491741667, 1.0]"
"[1.0, 0.8968835336755274, 0.7829672004602964, 0.0]"
"[1.0, 0.23158018380761705, 0.23826637339117052, 1.0]"
"[1.0, 0.25492879203382035, 0.21843282239209275, 1.0]"
"[1.0, 0.1844646041661958, 0.23718335380261124, 1.0]"
"[1.0, 0.8675635686935765, 0.7752721233833426, 0.0]"
"[1.0, 0.23066855233202418, 0.2045029768635684, 1.0]"
"[1.0, 0.7793215661625538, 0.726866889058468, 0.0]"
"[1.0, 0.8161557278891103, 0.8402094915725214, 0.0]"
"[1.0, 0.8473796663641526, 0.6364736215082046, 0.0]"
"[1.0, 0.780014977549583, 0.7569820536532293, 0.0]"
"[1.0, 0.7337674199920449, 0.6305803581477428, 0.0]"
"[1.0, 0.7448804136489454, 0.7669896905034926, 0.0]"
"[1.0, 0.20245545863542902, 0.07766111362995066, 1.0]"
"[1.0, 0.2902003024008399, 0.1937365378121591, 1.0]"
"[1.0, 0.792250156762141, 0.6069242234333388, 0.0]"
"[1.0, 0.2006129496148415, 0.1812625738929482, 1.0]"
"[1.0, 0.8471767968686486, 0.7102884381006518, 0.0]"
"[1.0, 0.2816143650776434, 0.16702787504875463, 1.0]"
"[1.0, 0.7896641949324165, 0.6760882089632065, 0.0]"
"[1.0, 0.7967159984318898, 0.7525557194725213, 0.0]"
"[1.0, 0.21832576157601646, 0.2528340959816627, 1.0]"
"[1.0, 0.1624232363321751, 0.183527986271873, 1.0]"
"[1.0, 0.3234913041548697, 0.006825092992595753, 1.0]"
"[1.0, 0.23665130584645705, 0.20147858367326046, 1.0]"
"[1.0, 0.21409786506546427, 0.16317686228190337, 1.0]"
"[1.0, 0.2829738307530805, 0.23055652081715663, 1.0]"
"[1.0, 0.8206168668159275, 0.6766910454096791, 0.0]"
"[1.0, 0.7077353225998525, 0.7663626538305712, 0.0]"
"[1.0, 0.23956168154304167, 0.28326057808093086, 1.0]"
"[1.0, 0.7707785718609738, 0.7172926486091961, 0.0]"
"[1.0, 0.24819264965779145, 0.18853259370124698, 1.0]"
"[1.0, 0.7917249546259888, 0.8594685902337197, 0.0]"
"[1.0, 0.14839253877199976, 0.14529152814898627, 1.0]"
"[1.0, 0.6845735393952785, 0.7747486584822032, 0.0]"
"[1.0, 0.8175744537146183, 0.692077437582372, 0.0]"
"[1.0, 0.8125686202763301, 0.7156287705828271, 0.0]"
"[1.0, 0.9857009001523411, 0.7688486198713466, 0.0]"
"[1.0, 0.8784564976625592, 0.8467788981270188, 0.0]"
"[1.0, 0.7733466320704285, 0.7233151300076215, 0.0]"
"[1.0, 0.2271984143623048, 0.12476503087287888, 1.0]"
"[1.0, 0.20138452785925243, 0.22873797349336278, 1.0]"
"[1.0, 0.18628650222383883, 0.2436759286688772, 1.0]"
"[1.0, 0.7999444353876348, 0.7353774008069243, 0.0]"
"[1.0, 0.22449002309910668, 0.14255314623798562, 1.0]"
"[1.0, 0.2154540155291821, 0.11643400461862087, 1.0]"
"[1.0, 0.821655147792298, 0.7968166399332166, 0.0]"
"[1.0, 0.2169555844654903, 0.11848928751100501, 1.0]"
"[1.0, 0.16171400452437748, 0.165600330546323, 1.0]"
"[1.0, 0.20863771349774665, 0.3368672741431425, 1.0]"
"[1.0, 0.19258585715630297, 0.2806780427634629, 1.0]"
"[1.0, 0.8556379594106746, 0.8390454427639873, 0.0]"
"[1.0, 0.7856345460520026, 0.8657239079841577, 0.0]"
"[1.0, 0.14507033852440737, 0.20682235493460815, 1.0]"
"[1.0, 0.15330622696943838, 0.10620362920308132, 1.0]"
"[1.0, 0.2628333872713857, 0.22202592738952082, 1.0]"
"[1.0, 0.17773363493140198, 0.18773289683375627, 1.0]"
"[1.0, 0.2408552842291846, 0.220937162043155, 1.0]"
"[1.0, 0.12805629948898573, 0.2507286804296372, 1.0]"
"[1.0, 0.25675226543014634, 0.20545006796167542, 1.0]"
"[1.0, 0.2296842668300341, 0.03581865374456866, 1.0]"
"[1.0, 0.876972562161791, 0.7951401837219153, 0.0]"
"[1.0, 0.7731440705310612, 0.6827236732763459, 0.0]"
"[1.0, 0.7125854458977217, 0.693356497316529, 0.0]"
"[1.0, 0.15993854245452815, 0.25770406506590127, 1.0]"
"[1.0, 0.2733242916346971, 0.3919334516209659, 1.0]"
"[1.0, 0.2666358923625907, 0.2268663929655254, 1.0]"
"[1.0, 0.2506368159707702, 0.10123298573701708, 1.0]"
"[1.0, 0.12130015214092257, 0.29078781530757264, 1.0]"
"[1.0, 0.8765397329225297, 0.687138924688783, 0.0]"
"[1.0, 0.23715391046117018, 0.14871716628382023, 1.0]"
"[1.0, 0.8443382469700643, 0.6984923101016993, 0.0]"
"[1.0, 0.35091019008824503, 0.12895949179059188, 1.0]"
"[1.0, 0.820066645306874, 0.692845245477952, 0.0]"
"[1.0, 0.8547963881489506, 0.74949619956444, 0.0]"
"[1.0, 0.2733141754401612, 0.1727137649990572, 1.0]"
"[1.0, 0.7803936874022308, 0.8109090266151094, 0.0]"
"[1.0, 0.7069671536950165, 0.6983255766046489, 0.0]"
"[1.0, 0.283234954333065, 0.2809383972576949, 1.0]"
"[1.0, 0.786149636866525, 0.7939690542330893, 0.0]"
"[1.0, 0.768019775082836, 0.7819114365267824, 0.0]"
"[1.0, 0.11331095977224402, 0.1656294550620612, 1.0]"
"[1.0, 0.7838723140081387, 0.7485615847382645, 0.0]"
"[1.0, 0.1973010190167904, 0.2082535654578118, 1.0]"
"[1.0, 0.7647201047601361, 0.8074180576400511, 0.0]"
"[1.0, 0.27676369203701845, 0.2580520856285396, 1.0]"
"[1.0, 0.13285234393704645, 0.13356520304893016, 1.0]"
"[1.0, 0.7870005711655178, 0.7723301114398828, 0.0]"
"[1.0, 0.7474549185245147, 0.7365398142301668, 0.0]"
"[1.0, 0.8284092096169113, 0.8114626659384452, 0.0]"
"[1.0, 0.12134984805430188, 0.13568399763554437, 1.0]"
"[1.0, 0.2051714318244934, 0.19289705498666906, 1.0]"
"[1.0, 0.1319786213261399, 0.1557875285017417, 1.0]"
"[1.0, 0.24503947491258468, 0.22906984310150674, 1.0]"
"[1.0, 0.8675701473651125, 0.7778605783023016, 0.0]"
"[1.0, 0.1512817537774482, 0.27089559960087883, 1.0]"
"[1.0, 0.8530143425309223, 0.7795430125121924, 0.0]"
"[1.0, 0.25265487107105994, 0.1778004265664992, 1.0]"
"[1.0, 0.19457245165565606, 0.2771708260021933, 1.0]"
"[1.0, 0.8196774482314815, 0.6864107562467476, 0.0]"
"[1.0, 0.12224569120831309, 0.1703494141446754, 1.0]"
"[1.0, 0.22264823374531995, 0.20097982644726972, 1.0]"
"[1.0, 0.8258249130619444, 0.7976547989025029, 0.0]"
"[1.0, 0.22583004441196672, 0.17748539785990167, 1.0]"
"[1.0, 0.7987167431833705, 0.7864369937523761, 0.0]"
"[1.0, 0.7853884880602096, 0.7424927248148967, 0.0]"
"[1.0, 0.8133192960784005, 0.6802752504522054, 0.0]"
"[1.0, 0.8229044690402326, 0.7358783515482429, 0.0]"
"[1.0, 0.15535889608542197, 0.14741350657168326, 1.0]"
"[1.0, 0.9700850179582822, 0.8033705515178384, 0.0]"
"[1.0, 0.8194382138967118, 0.8472346007377094, 0.0]"
"[1.0, 0.7772161301463137, 0.8080155786459295, 0.0]"
"[1.0, 0.7659200712611475, 0.7115117520571866, 0.0]"
"[1.0, 0.18614464959331425, 0.08082019485688685, 1.0]"
"[1.0, 0.08884459074839694, 0.1753421549499281, 1.0]"
"[1.0, 0.8441017032167335, 0.833578082465174, 0.0]"
"[1.0, 0.23818356697158716, 0.09316661527479327, 1.0]"
"[1.0, 0.2656979149599125, 0.12234052039513559, 1.0]"
"[1.0, 0.21417337378074508, 0.1685850311583048, 1.0]"
"[1.0, 0.08738590166452552, 0.2784093524959265, 1.0]"
"[1.0, 0.3100639405935027, 0.2670299976731869, 1.0]"
"[1.0, 0.8902249400950646, 0.7141577309908317, 0.0]"
"[1.0, 0.14962472292681978, 0.04213566492380348, 1.0]"
"[1.0, 0.25211210565374764, 0.24522898008932775, 1.0]"
"[1.0, 0.12550539281697007, 0.32007853974988437, 1.0]"
"[1.0, 0.21420478714842434, 0.20579291565648744, 1.0]"
"[1.0, 0.2508429996241018, 0.25511873313645195, 1.0]"
"[1.0, 0.15824656725032443, 0.2571902475419417, 1.0]"
"[1.0, 0.8350651359727187, 0.6611422532436093, 0.0]"
"[1.0, 0.880067318007465, 0.8300674544987592, 0.0]"
"[1.0, 0.21115580259928554, 0.1491344018066512, 1.0]"
"[1.0, 0.20919781227042192, 0.2712445800399496, 1.0]"
"[1.0, 0.17347179243478303, 0.2642582439076225, 1.0]"
"[1.0, 0.8227707538859345, 0.8517311789771825, 0.0]"
"[1.0, 0.6624001990614676, 0.8428620682150019, 0.0]"
"[1.0, 0.8108507281853581, 0.7305823127865576, 0.0]"
"[1.0, 0.7985429776322539, 0.7360679268817857, 0.0]"
"[1.0, 0.8875638034441989, 0.7664967198265459, 0.0]"
"[1.0, 0.23975001500600068, 0.16450536448305245, 1.0]"
"[1.0, 0.7950469344208511, 0.7394000423512137, 0.0]"
"[1.0, 0.28278770777577844, 0.24466554792100378, 1.0]"
"[1.0, 0.8104650624411214, 0.7398723731857937, 0.0]"
"[1.0, 0.8396025497248014, 0.7369045323226056, 0.0]"
"[1.0, 0.8873170252151031, 0.8419937546613746, 0.0]"
"[1.0, 0.8639178190713691, 0.7826496138358824, 0.0]"
"[1.0, 0.1555332953094281, 0.22051734067714515, 1.0]"
"[1.0, 0.11838225610192568, 0.23705466415863868, 1.0]"
"[1.0, 0.7957657594323798, 0.8827513143589694, 0.0]"
"[1.0, 0.17453514023971906, 0.30877142904955723, 1.0]"
"[1.0, 0.7182782286803733, 0.7980620711532658, 0.0]"
"[1.0, 0.7810575475114769, 0.6448562507607135, 0.0]"
"[1.0, 0.9360439600435614, 0.979998189418035, 0.0]"
"[1.0, 0.17558305699612914, 0.23130910692130333, 1.0]"
"[1.0, 0.8400700347878416, 0.8464931664202698, 0.0]"
"[1.0, 0.8284588893546054, 0.7727134041949256, 0.0]"
"[1.0, 0.7707868886002472, 0.6465529790223492, 0.0]"
"[1.0, 0.21854540591873048, 0.18967751514796002, 1.0]"
"[1.0, 0.8775695190543858, 0.765898241550068, 0.0]"
"[1.0, 0.1711966713553725, 0.1351618510176597, 1.0]"
"[1.0, 0.7674935515510665, 0.8028539071699337, 0.0]"
"[1.0, 0.8874479645244812, 0.7909492020485587, 0.0]"
"[1.0, 0.8252772415265862, 0.6520039696116183, 0.0]"
"[1.0, 0.32495011566786003, 0.22154176965432582, 1.0]"
"[1.0, 0.2922505781517278, 0.22371664856770743, 1.0]"
"[1.0, 0.7866419380130457, 0.7905823317285613, 0.0]"
"[1.0, 0.16516834212854925, 0.09880594931689066, 1.0]"
"[1.0, 0.6825441631450835, 0.7568271262636042, 0.0]"
"[1.0, 0.7576937592081024, 0.6862430709699157, 0.0]"
"[1.0, 0.8258255538071353, 0.8089641356648051, 0.0]"
"[1.0, 0.26920979108114457, 0.13604138869787416, 1.0]"
"[1.0, 0.18491760719896788, 0.1572030510601277, 1.0]"
"[1.0, 0.7486598774195574, 0.7808064209811874, 0.0]"
"[1.0, 0.7986872288644912, 0.6993307040955792, 0.0]"
"[1.0, 0.7080953963322416, 0.6247468541482634, 0.0]"
"[1.0, 0.8182493150493081, 0.6972464488027726, 0.0]"
"[1.0, 0.7905452984848739, 0.7769332299460467, 0.0]"
"[1.0, 0.7918689595271047, 0.7320316271318449, 0.0]"
"[1.0, 0.13508575335537293, 0.11547994621609442, 1.0]"
"[1.0, 0.7801939248859158, 0.72056101946531, 0.0]"
"[1.0, 0.8993079755781048, 0.6785739143219504, 0.0]"
"[1.0, 0.7323706776962643, 0.8985732115366247, 0.0]"
"[1.0, 0.8705133094094792, 0.7040223905479281, 0.0]"
"[1.0, 0.06761177603734513, 0.13730186220507581, 1.0]"
"[1.0, 0.19235668170821082, 0.20304584121726385, 1.0]"
"[1.0, 0.7319485470011771, 0.6628461776786227, 0.0]"
"[1.0, 0.175395254598262, 0.22761400395521628, 1.0]"
"[1.0, 0.8467217602110415, 0.7836190344724858, 0.0]"
"[1.0, 0.20873189837270334, 0.10409935150595394, 1.0]"
"[1.0, 0.867004189270146, 0.8443008398290338, 0.0]"
"[1.0, 0.9059696073258224, 0.7685723715054281, 0.0]"
"[1.0, 0.2398253706261761, 0.18587177431533486, 1.0]"
"[1.0, 0.6847360705304486, 0.6925314904375259, 0.0]"
"[1.0, 0.2047760991574329, 0.22232666524448158, 1.0]"
"[1.0, 0.8673755817414422, 0.8420955860174001, 0.0]"
"[1.0, 0.2941024772767105, 0.16870875271542657, 1.0]"
"[1.0, 0.8374535928423441, 0.6628562106183199, 0.0]"
"[1.0, 0.27464376865962664, 0.19945903363454784, 1.0]"
"[1.0, 0.812086807066084, 0.7655321761556216, 0.0]"
"[1.0, 0.08335101632717958, 0.15406686392811153, 1.0]"
"[1.0, 0.29378003809473735, 0.21758243415690567, 1.0]"
"[1.0, 0.20860925476887673, 0.19472450220709428, 1.0]"
"[1.0, 0.32212131276278566, 0.2711570545507033, 1.0]"
"[1.0, 0.7119676071152143, 0.7347823094982423, 0.0]"
"[1.0, 0.1935582893827333, 0.22830325104990787, 1.0]"
"[1.0, 0.8300660971907629, 0.7731843033792793, 0.0]"
"[1.0, 0.8945711856719764, 0.7860350806040952, 0.0]"
"[1.0, 0.7872060913887056, 0.8563122586431233, 0.0]"
"[1.0, 0.3967806325535271, 0.10213167120886163, 1.0]"
"[1.0, 0.20840941362573986, 0.15080525043084486, 1.0]"
"[1.0, 0.7627925961168739, 0.7218484342679033, 0.0]"
"[1.0, 0.7834423350599456, 0.7294420179703598, 0.0]"
"[1.0, 0.8174356914282369, 0.691451277307451, 0.0]"
"[1.0, 0.2755909606674269, 0.2863689759674342, 1.0]"
"[1.0, 0.7688617777894615, 0.7995140178242862, 0.0]"
"[1.0, 0.1740253412627827, 0.1956856203066359, 1.0]"
"[1.0, 0.2667044485499995, 0.15004155835717367, 1.0]"
"[1.0, 0.8306951439703611, 0.774124161277619, 0.0]"
"[1.0, 0.2533016084181013, 0.22949736693098788, 1.0]"
"[1.0, 0.07947322186366221, 0.2658842764022573, 1.0]"
"[1.0, 0.731914712332362, 0.7814868967387084, 0.0]"
"[1.0, 0.8628312477663612, 0.7094246470646528, 0.0]"
"[1.0, 0.8936057006897203, 0.7207822388663357, 0.0]"
"[1.0, 0.9073319772931498, 0.7509988754955138, 0.0]"
"[1.0, 0.834035334425763, 0.8854389627704086, 0.0]"
"[1.0, 0.8002068456433186, 0.7472340422868028, 0.0]"
"[1.0, 0.19820805043124387, 0.3503035168696443, 1.0]"
"[1.0, 0.8039902466095776, 0.857478673644825, 0.0]"
"[1.0, 0.13900059086566793, 0.18396763569883065, 1.0]"
"[1.0, 0.8182721156289628, 0.7382625930913956, 0.0]"
"[1.0, 0.2015727136389151, 0.21706862509682337, 1.0]"
"[1.0, 0.8031226778856593, 0.7002703005827662, 0.0]"
"[1.0, 0.8769595931412402, 0.7606143798300382, 0.0]"
"[1.0, 0.2293520228891658, 0.3010034205592382, 1.0]"
"[1.0, 0.783025448139645, 0.6548019924117163, 0.0]"
"[1.0, 0.182600569054787, 0.261975575046354, 1.0]"
"[1.0, 0.17080695353240158, 0.22261497134840844, 1.0]"
"[1.0, 0.8404293388725793, 0.7114969707971954, 0.0]"
"[1.0, 0.9975769915589829, 0.7217765001133827, 0.0]"
"[1.0, 0.8777123960796993, 0.7642974380122262, 0.0]"
"[1.0, 0.21798085745853166, 0.31201223435915765, 1.0]"
"[1.0, 0.8538874949318774, 0.7859632319699047, 0.0]"
"[1.0, 0.8396154492110552, 0.9239222163618533, 0.0]"
"[1.0, 0.8213867757655712, 0.73700366471679, 0.0]"
"[1.0, 0.7771533167019049, 0.6957805756195311, 0.0]"
"[1.0, 0.2660161937396539, 0.14924219240631367, 1.0]"
"[1.0, 0.8406300256925665, 0.7482472719703286, 0.0]"
"[1.0, 0.8494802554629389, 0.751122335540634, 0.0]"
"[1.0, 0.7552028656180352, 0.8048889260953153, 0.0]"
"[1.0, 0.14651566727619625, 0.25252890882224543, 1.0]"
"[1.0, 0.14300265200386306, 0.18154165074993714, 1.0]"
"[1.0, 0.7836819838683889, 0.8522990911615317, 0.0]"
"[1.0, 0.7786285389766748, 0.6919006974902859, 0.0]"
"[1.0, 0.8714110589615388, 0.7188294307223461, 0.0]"
"[1.0, 0.7813803099167678, 0.745001834329912, 0.0]"
"[1.0, 0.3119351919834741, 0.20229118908360672, 1.0]"
"[1.0, 0.7982737268936592, 0.7252138569778801, 0.0]"
"[1.0, 0.280013160010867, 0.23416592829706373, 1.0]"
"[1.0, 0.830818424672923, 0.8285750035204729, 0.0]"
"[1.0, 0.2155074459581779, 0.04737479867966873, 1.0]"
"[1.0, 0.8760480040276274, 0.6691235761969833, 0.0]"
"[1.0, 0.14544832169490635, 0.16672980882429375, 1.0]"
"[1.0, 0.2184887922406057, 0.2522895749915581, 1.0]"
"[1.0, 0.8117395520077983, 0.7751872045235269, 0.0]"
"[1.0, 0.9096668689828697, 0.7995861906063311, 0.0]"
"[1.0, 0.8055494104861612, 0.7559874036762488, 0.0]"
"[1.0, 0.7244716983525584, 0.733201444317018, 0.0]"
"[1.0, 0.17787611490830474, 0.25067145094983634, 1.0]"
"[1.0, 0.1964624584518174, 0.22321194907085162, 1.0]"
"[1.0, 0.3062145142450966, 0.12513458934851138, 1.0]"
"[1.0, 0.21464795880025397, 0.44278786134394493, 1.0]"
"[1.0, 0.24252722246693498, 0.1693279469165243, 1.0]"
"[1.0, 0.7907520698016668, 0.799575989716163, 0.0]"
"[1.0, 0.7541068422601267, 0.6347472392200453, 0.0]"
"[1.0, 0.7739172776563605, 0.8624897677596958, 0.0]"
"[1.0, 0.14453123219902272, 0.1991358961921509, 1.0]"
"[1.0, 0.22453416501836976, 0.1572784540093192, 1.0]"
"[1.0, 0.3284122089708495, 0.19262999680288634, 1.0]"
"[1.0, 0.7866656325179262, 0.7967690358629513, 0.0]"
"[1.0, 0.19411252670046394, 0.32517109954947904, 1.0]"
"[1.0, 0.7536151224624531, 0.7520519912262736, 0.0]"
"[1.0, 0.09726346286782164, 0.15748166694705648, 1.0]"
"[1.0, 0.1928113221446815, 0.2301325280190781, 1.0]"
"[1.0, 0.7667967592742791, 0.7103733798924262, 0.0]"
"[1.0, 0.22190404896004198, 0.15531025904549273, 1.0]"
"[1.0, 0.9275092220039111, 0.709459939126172, 0.0]"
"[1.0, 0.27611984613306767, 0.27459232055231025, 1.0]"
"[1.0, 0.21079157055130096, 0.31465916917657466, 1.0]"
"[1.0, 0.7837915499635811, 0.8202132930054853, 0.0]"
"[1.0, 0.8070604896894991, 0.8922061503850541, 0.0]"
"[1.0, 0.19290525671980707, 0.23335718542350375, 1.0]"
"[1.0, 0.7982443308819047, 0.8056238042903576, 0.0]"
"[1.0, 0.7685623835136942, 0.7610867723137821, 0.0]"
"[1.0, 0.823281443596107, 0.9077187703994082, 0.0]"
"[1.0, 0.24266845373847057, 0.25850371306678493, 1.0]"
"[1.0, 0.9794055021343617, 0.7447241404741285, 0.0]"
"[1.0, 0.8752480393600796, 0.7518639937125243, 0.0]"
"[1.0, 0.1189534477729389, 0.06184725143754233, 1.0]"
"[1.0, 0.9011423404951395, 0.7802888982641495, 0.0]"
"[1.0, 0.8337853353522189, 0.75000054594748, 0.0]"
"[1.0, 0.149789233819888, 0.16287582458674835, 1.0]"
"[1.0, 0.7808444970077693, 0.7608417016769706, 0.0]"
"[1.0, 0.3212653856760616, 0.15982339957503378, 1.0]"
"[1.0, 0.15917300830859651, 0.2636121226784141, 1.0]"
"[1.0, 0.17372142007655036, 0.28732465770944415, 1.0]"
"[1.0, 0.7939123319958629, 0.7005679532611957, 0.0]"
"[1.0, 0.26035122415431505, 0.16155870444611903, 1.0]"
"[1.0, 0.28216832119730423, 0.21041386115372246, 1.0]"
"[1.0, 0.17022023266412897, 0.2721342555344107, 1.0]"
"[1.0, 0.17761225974579575, 0.4077554939379423, 1.0]"
"[1.0, 0.865504146811384, 0.751522585250696, 0.0]"
"[1.0, 0.8295081694915019, 0.9031011565846222, 0.0]"
"[1.0, 0.9246058661819413, 0.7062162901956642, 0.0]"
"[1.0, 0.17636402208684931, 0.13576404342297896, 1.0]"
"[1.0, 0.2757307205643049, 0.2788434260458197, 1.0]"
"[1.0, 0.24278871752472458, 0.19895507969625806, 1.0]"
"[1.0, 0.22225532085168903, 0.2871610534928847, 1.0]"
"[1.0, 0.16947098926550552, 0.21609004925367026, 1.0]"
"[1.0, 0.748056683928094, 0.801696525543895, 0.0]"
"[1.0, 0.30873535492858895, 0.21481749911712467, 1.0]"
"[1.0, 0.29732849892048974, 0.16524246989080893, 1.0]"
"[1.0, 0.8716679349125436, 0.7811220637963725, 0.0]"
"[1.0, 0.8655968270856095, 0.6348937443236998, 0.0]"
"[1.0, 0.735208442639277, 0.7026455922122616, 0.0]"
"[1.0, 0.14768493858063297, 0.12076902630707453, 1.0]"
"[1.0, 0.703921174584773, 0.8309321229542591, 0.0]"
"[1.0, 0.8182685328998918, 0.7717789940633367, 0.0]"
"[1.0, 0.15260534875765192, 0.12196515974481788, 1.0]"
"[1.0, 0.7756676422602955, 0.7209391419902793, 0.0]"
"[1.0, 0.2124232575398764, 0.24312987149014698, 1.0]"
"[1.0, 0.8788593196463192, 0.7782714803303188, 0.0]"
"[1.0, 0.8212390033282215, 0.8189882409945208, 0.0]"
"[1.0, 0.22468683948453452, 0.2052306509215123, 1.0]"
"[1.0, 0.136139435442176, 0.18457389856554257, 1.0]"
"[1.0, 0.8294230926135711, 0.785228263750772, 0.0]"
"[1.0, 0.7411207043464605, 0.8176044504713976, 0.0]"
"[1.0, 0.13681444789694328, 0.10272027998650407, 1.0]"
"[1.0, 0.7811710872578349, 0.83985568858184, 0.0]"
"[1.0, 0.16676112070108798, 0.1989539772001866, 1.0]"
"[1.0, 0.1315312776651561, 0.24293773508581765, 1.0]"
"[1.0, 0.11473912553727392, 0.20671236205642823, 1.0]"
"[1.0, 0.7735573982957377, 0.8436136950428608, 0.0]"
"[1.0, 0.17747138587990624, 0.21554793963466495, 1.0]"
"[1.0, 0.8635932068802885, 0.7690036478084133, 0.0]"
"[1.0, 0.22700834921601387, 0.17563113159728772, 1.0]"
"[1.0, 0.8051822382130125, 0.7356302740855585, 0.0]"
"[1.0, 0.15967668781513722, 0.15665608328446773, 1.0]"
"[1.0, 0.24734765231439382, 0.07816661622877036, 1.0]"
"[1.0, 0.1675305387917296, 0.20275785795179033, 1.0]"
"[1.0, 0.8873942545432761, 0.7303772704862289, 0.0]"
"[1.0, 0.24412684367819482, 0.2562886489743476, 1.0]"
"[1.0, 0.2052441251212451, 0.18064648351050863, 1.0]"
"[1.0, 0.7191566880284442, 0.7520545116397598, 0.0]"
"[1.0, 0.20122311864555126, 0.2047068777608305, 1.0]"
"[1.0, 0.7868076061465936, 0.7233964977205559, 0.0]"
"[1.0, 0.8060229578559248, 0.7854816264627095, 0.0]"
"[1.0, 0.8187108481345272, 0.7864274573697236, 0.0]"
"[1.0, 0.11662224468971813, 0.21818152084231254, 1.0]"
"[1.0, 0.6865506737121082, 0.6403314517670232, 0.0]"
"[1.0, 0.7986170169420769, 0.7666290776729724, 0.0]"
"[1.0, 0.2452540301011368, 0.15900019138993363, 1.0]"
"[1.0, 0.8414126325745258, 0.7635077476356439, 0.0]"
"[1.0, 0.6945848162356475, 0.8121132474289965, 0.0]"
"[1.0, 0.9059150561016877, 0.8188280877160473, 0.0]"
"[1.0, 0.20143750118479517, 0.10664791721620676, 1.0]"
"[1.0, 0.8143140969625273, 0.7492919332065967, 0.0]"
"[1.0, 0.8938379734385973, 0.8574573824569458, 0.0]"
"[1.0, 0.7763904100389875, 0.8221293119433181, 0.0]"
"[1.0, 0.8335035663864044, 0.7927390988186376, 0.0]"
"[1.0, 0.2656724188529708, 0.16322905129508333, 1.0]"
"[1.0, 0.7867099426152128, 0.8302797676635153, 0.0]"
"[1.0, 0.29012205933727203, 0.07710409583058787, 1.0]"
"[1.0, 0.8559171631495245, 0.7750718147376902, 0.0]"
"[1.0, 0.7479182626068882, 0.7375859605025172, 0.0]"
"[1.0, 0.24528432817457851, 0.26569554922684774, 1.0]"
"[1.0, 0.8319365620411805, 0.7881204741141041, 0.0]"
"[1.0, 0.8344877742173192, 0.6550106891705665, 0.0]"
"[1.0, 0.1590070922264578, 0.3635876656373381, 1.0]"
"[1.0, 0.714440092520567, 0.8215636221567105, 0.0]"
"[1.0, 0.216121790852683, 0.21849001831142062, 1.0]"
"[1.0, 0.8473873162778062, 0.8837702932378626, 0.0]"
"[1.0, 0.21642365558641732, 0.1874606916918367, 1.0]"
"[1.0, 0.768488517783793, 0.7717411580193568, 0.0]"
"[1.0, 0.2886831465749476, 0.07574762032667696, 1.0]"
"[1.0, 0.9619609044156722, 0.8506224646846693, 0.0]"
"[1.0, 0.17569221163434953, 0.2702127384866349, 1.0]"
"[1.0, 0.7910981738610626, 0.8812741383996712, 0.0]"
"[1.0, 0.8215054177941472, 0.8071844930681699, 0.0]"
"[1.0, 0.27550250288434686, 0.2332572361279676, 1.0]"
"[1.0, 0.7393647930271366, 0.8658229831041101, 0.0]"
"[1.0, 0.7601784344125528, 0.7370183774592501, 0.0]"
"[1.0, 0.15190812521421643, 0.09639435578652236, 1.0]"
"[1.0, 0.17340968634644943, 0.23920608600231275, 1.0]"
"[1.0, 0.7433395322194881, 0.8013350452997127, 0.0]"
"[1.0, 0.8739900037478918, 0.6586067027593907, 0.0]"
"[1.0, 0.16856325607053996, 0.2159822214935789, 1.0]"
"[1.0, 0.9120804322720603, 0.804550268760879, 0.0]"
"[1.0, 0.8345619418659059, 0.7469072431061374, 0.0]"
"[1.0, 0.8719111070060797, 0.7624729023359823, 0.0]"
"[1.0, 0.19127248474970782, 0.24144098980914316, 1.0]"
"[1.0, 0.8082621660489684, 0.7715456685747797, 0.0]"
"[1.0, 0.8289301390346959, 0.687810883353357, 0.0]"
"[1.0, 0.1593979312424128, 0.22238019020305153, 1.0]"
"[1.0, 0.9113409238390231, 0.6016130733622329, 0.0]"
"[1.0, 0.8757959084406118, 0.769025796489176, 0.0]"
"[1.0, 0.830257523851062, 0.7217720885372095, 0.0]"
"[1.0, 0.18970267527056045, 0.1797418544520496, 1.0]"
"[1.0, 0.14742002770211843, 0.19389879025020293, 1.0]"
"[1.0, 0.8047097657712275, 0.7179274105982715, 0.0]"
"[1.0, 0.2974062415197303, 0.2139679858803834, 1.0]"
"[1.0, 0.8475785932893782, 0.7847644957504871, 0.0]"
"[1.0, 0.8486445091839856, 0.8596535288066992, 0.0]"
"[1.0, 0.34630075486522444, 0.21843672349084237, 1.0]"
"[1.0, 0.7946879067407256, 0.7106320731789275, 0.0]"
"[1.0, 0.82851641523264, 0.7502890714021019, 0.0]"
"[1.0, 0.764356323965263, 0.8327189962088004, 0.0]"
"[1.0, 0.8361883758175976, 0.6998719148499871, 0.0]"
"[1.0, 0.8011978494641785, 0.8646115859477409, 0.0]"
"[1.0, 0.18660604268760622, 0.08129922936518792, 1.0]"
"[1.0, 0.7182519820550152, 0.7856014542189956, 0.0]"
"[1.0, 0.6946582286010884, 0.7032391599418407, 0.0]"
"[1.0, 0.8203030617820136, 0.7513891192834814, 0.0]"
"[1.0, 0.2093208963344012, 0.2004036202568441, 1.0]"
"[1.0, 0.15825850556934967, 0.24480819623426459, 1.0]"
"[1.0, 0.15510125339735567, 0.2203111047913415, 1.0]"
"[1.0, 0.8745901614304651, 0.7967418384960212, 0.0]"
"[1.0, 0.770053228211683, 0.7681645753418815, 0.0]"
"[1.0, 0.8524832361384198, 0.7876358301934787, 0.0]"
"[1.0, 0.25477783072533083, 0.23081494668090047, 1.0]"
"[1.0, 0.09615168708209106, 0.2212617160546669, 1.0]"
"[1.0, 0.1732050267196418, 0.17634989869191645, 1.0]"
"[1.0, 0.25006730059217547, 0.14283871669239576, 1.0]"
"[1.0, 0.27843250676432907, 0.2399270409863229, 1.0]"
"[1.0, 0.22718660620263403, 0.2788828526502669, 1.0]"
"[1.0, 0.859025976567717, 0.8580873915841344, 0.0]"
"[1.0, 0.7962347706028068, 0.8203430494042225, 0.0]"
"[1.0, 0.9424420524106869, 0.8157853387905375, 0.0]"
"[1.0, 0.28574540793314646, 0.21413134349598123, 1.0]"
"[1.0, 0.22079037012428235, 0.21369275513435138, 1.0]"
"[1.0, 0.16750558152189365, 0.15791893481212288, 1.0]"
"[1.0, 0.20616698483201887, 0.15428685376362275, 1.0]"
"[1.0, 0.20100612363610618, 0.20975700526955654, 1.0]"
"[1.0, 0.8087454701413985, 0.813834966922968, 0.0]"
"[1.0, 0.1566406123231323, 0.22572503420467552, 1.0]"
"[1.0, 0.7642192350112957, 0.7999071686063373, 0.0]"
"[1.0, 0.8451167967033268, 0.7538068227789253, 0.0]"
"[1.0, 0.8612167533295981, 0.855078066272231, 0.0]"
"[1.0, 0.18712482616331116, 0.21324273157205667, 1.0]"
"[1.0, 0.890941821501616, 0.827012088987362, 0.0]"
"[1.0, 0.3017286964954467, 0.20556776820387485, 1.0]"
"[1.0, 0.2217765531954389, 0.2448099142492636, 1.0]"
"[1.0, 0.7638368534244406, 0.7532789747190611, 0.0]"
"[1.0, 0.2758561089600723, 0.21108616034137873, 1.0]"
"[1.0, 0.9080425062827517, 0.84500694699005, 0.0]"
"[1.0, 0.8157902733486445, 0.8423935249678681, 0.0]"
"[1.0, 0.2533452689557989, 0.23661817579297242, 1.0]"
"[1.0, 0.7851973992263154, 0.6830180361135083, 0.0]"
"[1.0, 0.24883530392741504, 0.20112829262063608, 1.0]"
"[1.0, 0.7932099315377363, 0.7574404887595497, 0.0]"
"[1.0, 0.1709170904881842, 0.2834937141495782, 1.0]"
"[1.0, 0.8123943380213506, 0.7428423514266675, 0.0]"
"[1.0, 0.19231514507177275, 0.17969148804926516, 1.0]"
"[1.0, 0.8236608469556189, 0.7785043160836004, 0.0]"
"[1.0, 0.88517248636357, 0.8038663507998053, 0.0]"
"[1.0, 0.687626328027159, 0.8197621347001464, 0.0]"
"[1.0, 0.26534326906803635, 0.24142267534108414, 1.0]"
"[1.0, 0.10438958867394324, 0.11092524181524467, 1.0]"
"[1.0, 0.7829378394685919, 0.7854539924234946, 0.0]"
"[1.0, 0.32685588719542025, 0.22689657930282095, 1.0]"
"[1.0, 0.7996732301153612, 0.7081577148276701, 0.0]"
"[1.0, 0.8611113203365502, 0.8564874078036204, 0.0]"
"[1.0, 0.798965070970334, 0.7706083195027112, 0.0]"
"[1.0, 0.8049675777392972, 0.7855027879699548, 0.0]"
"[1.0, 0.2342186856019269, 0.32530227812766416, 1.0]"
"[1.0, 0.28970253889089265, 0.1947375790259979, 1.0]"
"[1.0, 0.8060601553690856, 0.7718551349778708, 0.0]"
"[1.0, 0.23663090393432218, 0.11510662589980998, 1.0]"
"[1.0, 0.7705737961658471, 0.8577991772919913, 0.0]"
"[1.0, 0.12532367476729805, 0.1709444578825797, 1.0]"
"[1.0, 0.6887131526809931, 0.7516870285614323, 0.0]"
"[1.0, 0.8766638537643924, 0.6740625172222402, 0.0]"
"[1.0, 0.7334640469167951, 0.7338722075770263, 0.0]"
"[1.0, 0.23317608853196467, 0.2706963402959704, 1.0]"
"[1.0, 0.14035602744238568, 0.32016383143638205, 1.0]"
"[1.0, 0.835623433406147, 0.7295030148102923, 0.0]"
"[1.0, 0.7646689485564834, 0.8434146977864719, 0.0]"
"[1.0, 0.1172789081510544, 0.19130659990676907, 1.0]"
"[1.0, 0.7526967720799378, 0.8483627082635541, 0.0]"
"[1.0, 0.23060582054046028, 0.1740881407195956, 1.0]"
"[1.0, 0.16817012272395995, 0.15349471990265579, 1.0]"
"[1.0, 0.821709737031311, 0.6772149771007531, 0.0]"
"[1.0, 0.18131815075018554, 0.19803403030448186, 1.0]"
"[1.0, 0.24690401118403174, 0.09813292916164484, 1.0]"
"[1.0, 0.8806615603767873, 0.8223505629797382, 0.0]"
"[1.0, 0.26893986039907786, 0.16954367293945405, 1.0]"
"[1.0, 0.15418954407650753, 0.24798005832465814, 1.0]"
"[1.0, 0.7710935695196197, 0.7978547199312468, 0.0]"
"[1.0, 0.8133639763250696, 0.8448134839999529, 0.0]"
"[1.0, 0.7988999191017526, 0.7811280645839521, 0.0]"
"[1.0, 0.21109580189548752, 0.34410119135338724, 1.0]"
"[1.0, 0.8642839574366943, 0.7510171556182499, 0.0]"
"[1.0, 0.8254869704428701, 0.7658127029569138, 0.0]"
"[1.0, 0.821778740166234, 0.7322841254457618, 0.0]"
"[1.0, 0.3125700095066029, 0.28155818708455216, 1.0]"
"[1.0, 0.21139689886587976, 0.24564587033981722, 1.0]"
"[1.0, 0.9446607398046788, 0.7719177076887369, 0.0]"
"[1.0, 0.2513276494355146, 0.23259301928062162, 1.0]"
"[1.0, 0.1821126000059015, 0.27306929715638256, 1.0]"
"[1.0, 0.1602882684043378, 0.24274679564363438, 1.0]"
"[1.0, 0.7171261209213747, 0.738349647239494, 0.0]"
"[1.0, 0.7524260567961454, 0.8455832948558394, 0.0]"
"[1.0, 0.8219123524491287, 0.7143218359409491, 0.0]"
"[1.0, 0.740500004439354, 0.7413098762573732, 0.0]"
"[1.0, 0.8756413264233692, 0.6597106777790956, 0.0]"
"[1.0, 0.8490164061508241, 0.8114870405451988, 0.0]"
"[1.0, 0.17942425222430325, 0.19259155886113805, 1.0]"
"[1.0, 0.8717480575167602, 0.7477826125369328, 0.0]"
"[1.0, 0.1353977389323048, 0.27087829095776145, 1.0]"
"[1.0, 0.08782043027329364, 0.2905199695006211, 1.0]"
"[1.0, 0.6927978356875452, 0.8976046608454163, 0.0]"
"[1.0, 0.23427970676767856, 0.1706146530565213, 1.0]"
"[1.0, 0.24564387359993153, 0.37604493664544497, 1.0]"
"[1.0, 0.11434201887764191, 0.1878566652913623, 1.0]"
"[1.0, 0.7435686319826263, 0.8282174231500691, 0.0]"
"[1.0, 0.7908790096428436, 0.718998508754948, 0.0]"
"[1.0, 0.2763369485556297, 0.18575358251717053, 1.0]"
"[1.0, 0.8041429016656003, 0.6974058668095044, 0.0]"
"[1.0, 0.15609283632325865, 0.3829714991064227, 1.0]"
"[1.0, 0.9051994485003776, 0.7788677485099468, 0.0]"
"[1.0, 0.17666855611847704, 0.2805128714615819, 1.0]"
"[1.0, 0.24162796275976384, 0.19713606637260586, 1.0]"
"[1.0, 0.14149084749905308, 0.07372775144552136, 1.0]"
"[1.0, 0.8940375220585547, 0.7834541283126819, 0.0]"
"[1.0, 0.32822412324509614, 0.06627919091414726, 1.0]"
"[1.0, 0.16174356588482994, 0.14634867944864505, 1.0]"
"[1.0, 0.7985953089251048, 0.748160377393762, 0.0]"
"[1.0, 0.7976047187322776, 0.7475927858763858, 0.0]"
"[1.0, 0.680575167300631, 0.6793470575960014, 0.0]"
"[1.0, 0.7996113425424283, 0.6160750701795523, 0.0]"
"[1.0, 0.1972797053019328, 0.13101085190587264, 1.0]"
"[1.0, 0.17378236691569462, 0.2992059985640777, 1.0]"
"[1.0, 0.2598535958852057, 0.14695787664619242, 1.0]"
"[1.0, 0.8497535813733633, 0.6608021008117622, 0.0]"
"[1.0, 0.7061736407493137, 0.6960507617631747, 0.0]"
"[1.0, 0.7572995008974942, 0.7823094183912732, 0.0]"
"[1.0, 0.1420007611128349, 0.2813166083246356, 1.0]"
"[1.0, 0.2621303524960845, 0.14809664781815768, 1.0]"
"[1.0, 0.8089385018162626, 0.8033556590960669, 0.0]"
"[1.0, 0.8022110139990563, 0.7756059436781546, 0.0]"
"[1.0, 0.7872090569173075, 0.8122651746001458, 0.0]"
"[1.0, 0.181928946662574, 0.1988732438832714, 1.0]"
"[1.0, 0.7083951635392259, 0.9030427750941183, 0.0]"
"[1.0, 0.7733511177717914, 0.7682932576698662, 0.0]"
"[1.0, 0.309539319414292, 0.17579414351703188, 1.0]"
"[1.0, 0.8158607413435224, 0.6879293006366972, 0.0]"
"[1.0, 0.8362318686397716, 0.7667293557487957, 0.0]"
"[1.0, 0.8321580196077166, 0.7713557520945241, 0.0]"
"[1.0, 0.09030961820678839, 0.21566695203623393, 1.0]"
"[1.0, 0.20069124475216468, 0.15581799315648273, 1.0]"
"[1.0, 0.22198092017108073, 0.09348920423918515, 1.0]"
"[1.0, 0.8543600763744602, 0.7166065700406216, 0.0]"
"[1.0, 0.8863409567668541, 0.8200671678926583, 0.0]"
"[1.0, 0.7434848922235098, 0.694108192520228, 0.0]"
"[1.0, 0.7782478033099288, 0.7020591229205246, 0.0]"
"[1.0, 0.23996917490492523, 0.13423862403129844, 1.0]"
"[1.0, 0.7979530032702165, 0.7546383581724272, 0.0]"
"[1.0, 0.8688589334383876, 0.8323561356347138, 0.0]"
"[1.0, 0.20743777647755793, 0.2670058816776672, 1.0]"
"[1.0, 0.7628268673212549, 0.8625255011184673, 0.0]"
"[1.0, 0.2610541768446214, 0.20569044761298033, 1.0]"
"[1.0, 0.7846357830490854, 0.7876683765765015, 0.0]"
"[1.0, 0.7774471757522639, 0.7187816764060962, 0.0]"
"[1.0, 0.2504698063727432, 0.17351680294583785, 1.0]"
"[1.0, 0.12172103243102897, 0.2807895012910583, 1.0]"
"[1.0, 0.7831461481847916, 0.7766597699813688, 0.0]"
"[1.0, 0.8020271398581142, 0.7131150305270417, 0.0]"
"[1.0, 0.809297242116008, 0.6852025997531375, 0.0]"
"[1.0, 0.12812225263636684, 0.1539381632646351, 1.0]"
"[1.0, 0.18572024233962914, 0.09737483022417076, 1.0]"
"[1.0, 0.27625071784418426, 0.21952405620230983, 1.0]"
"[1.0, 0.14320173317825471, 0.2825410802371462, 1.0]"
"[1.0, 0.8362763461656643, 0.7756070228170585, 0.0]"
"[1.0, 0.2187726217953317, 0.2544080103694438, 1.0]"
"[1.0, 0.7629493552957289, 0.7776231049884824, 0.0]"
"[1.0, 0.8406575671423712, 0.6971482157317652, 0.0]"
"[1.0, 0.82535334146231, 0.7842409209443229, 0.0]"
"[1.0, 0.2484919991520142, 0.15746172556629479, 1.0]"
"[1.0, 0.8674259819814217, 0.8042633809988188, 0.0]"
"[1.0, 0.26366735933643615, 0.1375225768209781, 1.0]"
"[1.0, 0.8655026748012417, 0.7253440181050463, 0.0]"
"[1.0, 0.21823433899021624, 0.3546062645873096, 1.0]"
"[1.0, 0.8393974120471928, 0.7242719724354317, 0.0]"
"[1.0, 0.705394431340311, 0.8396458273197028, 0.0]"
"[1.0, 0.16108101585015774, 0.19591009307864463, 1.0]"
"[1.0, 0.12151622994065309, 0.2572826872948102, 1.0]"
"[1.0, 0.7871496599800627, 0.7621347011165494, 0.0]"
"[1.0, 0.14395508233743998, 0.33224469338347545, 1.0]"
"[1.0, 0.2939558845161024, 0.2607668173654213, 1.0]"
"[1.0, 0.21897438300753944, 0.19223133189168293, 1.0]"
"[1.0, 0.8842530578198388, 0.7027267988179107, 0.0]"
"[1.0, 0.18233282756695218, 0.12997912571173345, 1.0]"
"[1.0, 0.7701499929151386, 0.6764922700351281, 0.0]"
"[1.0, 0.17111630493051647, 0.15692239842375347, 1.0]"
"[1.0, 0.21508589463327463, 0.11149000995831856, 1.0]"
"[1.0, 0.8100720270992273, 0.866780590725934, 0.0]"
"[1.0, 0.7550439716103875, 0.7788782601889376, 0.0]"
"[1.0, 0.23448815798390474, 0.20904985942552481, 1.0]"
"[1.0, 0.1917121821481775, 0.264163730856805, 1.0]"
"[1.0, 0.8701526177227835, 0.8215716733779538, 0.0]"
"[1.0, 0.8823750422795515, 0.8000034851056755, 0.0]"
"[1.0, 0.809064977644534, 0.8865686016035204, 0.0]"
"[1.0, 0.8880273255480116, 0.7218769779549616, 0.0]"
"[1.0, 0.21128090184446452, 0.14385549548704998, 1.0]"
"[1.0, 0.23802651728894283, 0.28643377029467537, 1.0]"
"[1.0, 0.8583872684985075, 0.9004672636825606, 0.0]"
"[1.0, 0.8043996741353703, 0.7066023474872882, 0.0]"
"[1.0, 0.25245817399748577, 0.20749206222310465, 1.0]"
"[1.0, 0.8736095421325546, 0.8174309996033003, 0.0]"
"[1.0, 0.844074447939257, 0.6959061362178339, 0.0]"
"[1.0, 0.9078025563967209, 0.8540204412164841, 0.0]"
"[1.0, 0.8060409039172386, 0.9041770999195865, 0.0]"
"[1.0, 0.25462308316803606, 0.11112293327395434, 1.0]"
"[1.0, 0.17222525030691543, 0.13712994402017492, 1.0]"
"[1.0, 0.8338375235907559, 0.748876736348948, 0.0]"
"[1.0, 0.7920268750383387, 0.9025657032745704, 0.0]"
"[1.0, 0.278814156368779, 0.20746063817638577, 1.0]"
"[1.0, 0.7554010439311025, 0.7472094994866592, 0.0]"
"[1.0, 0.8534551464150905, 0.8591262960716297, 0.0]"
"[1.0, 0.8482295729319272, 0.7128635219874124, 0.0]"
"[1.0, 0.3282708672177301, 0.14041941231239263, 1.0]"
"[1.0, 0.8777307609503989, 0.6756552394198642, 0.0]"
"[1.0, 0.7849603087187271, 0.7974482568872638, 0.0]"
"[1.0, 0.9345225847441918, 0.8104806148807228, 0.0]"
"[1.0, 0.8067376357775424, 0.713957698502393, 0.0]"
"[1.0, 0.730331482072675, 0.7279414076939604, 0.0]"
"[1.0, 0.11514026635006146, 0.19216749146415515, 1.0]"
"[1.0, 0.8025302201964664, 0.7756289927869611, 0.0]"
"[1.0, 0.868450588860106, 0.826100446794184, 0.0]"
"[1.0, 0.23434551495580658, 0.22580024212103775, 1.0]"
"[1.0, 0.17860017070398526, 0.21135890450887768, 1.0]"
"[1.0, 0.7405171566886186, 0.8472082795373879, 0.0]"
"[1.0, 0.236521422057557, 0.27521268779463826, 1.0]"
"[1.0, 0.3163749092122507, 0.1821636733856177, 1.0]"
"[1.0, 0.21762787205574943, 0.31027828857472217, 1.0]"
"[1.0, 0.8541632148213714, 0.7939899436697188, 0.0]"
"[1.0, 0.8950872904388959, 0.7152233856846388, 0.0]"
"[1.0, 0.12088935780377623, 0.22746761780406036, 1.0]"
"[1.0, 0.17228210557185683, 0.20383497557017394, 1.0]"
"[1.0, 0.1990382712240063, 0.15793130106240008, 1.0]"
"[1.0, 0.184104354831477, 0.19381562397151034, 1.0]"
"[1.0, 0.7976309217080668, 0.8823085607462966, 0.0]"
"[1.0, 0.8013136232521637, 0.7368939859337177, 0.0]"
"[1.0, 0.178231056566913, 0.17925973694841557, 1.0]"
"[1.0, 0.8264150193366379, 0.9112795994352286, 0.0]"
"[1.0, 0.8202041331625702, 0.7666613406399637, 0.0]"
"[1.0, 0.8049373664794655, 0.8220907331871099, 0.0]"
"[1.0, 0.8277007009875238, 0.8040130769935414, 0.0]"
"[1.0, 0.7601377771233336, 0.8007042369772489, 0.0]"
"[1.0, 0.21659098196599072, 0.11513817549100959, 1.0]"
"[1.0, 0.7405422703169702, 0.8835573853895462, 0.0]"
"[1.0, 0.20791111601162374, 0.05993370673803973, 1.0]"
"[1.0, 0.8255871706614715, 0.7591430879420891, 0.0]"
"[1.0, 0.22887471737588447, 0.2383997570218878, 1.0]"
"[1.0, 0.16920445188371705, 0.10307994561616003, 1.0]"
"[1.0, 0.19847326006760432, 0.1942340313174311, 1.0]"
"[1.0, 0.7290205892701823, 0.674678442118738, 0.0]"
"[1.0, 0.27048911737201276, 0.18097089472649433, 1.0]"
"[1.0, 0.20437293567195922, 0.2664273413903684, 1.0]"
"[1.0, 0.21465794799989674, 0.2568346930357197, 1.0]"
"[1.0, 0.1985907053902842, 0.1515902477530646, 1.0]"
"[1.0, 0.7773283258976761, 0.8269620534336752, 0.0]"
"[1.0, 0.16168680967157223, 0.1981883332286662, 1.0]"
"[1.0, 0.8465760789124258, 0.8113998443313801, 0.0]"
"[1.0, 0.7555206315970548, 0.7055375327271405, 0.0]"
"[1.0, 0.21802001548270883, 0.1846872911209292, 1.0]"
"[1.0, 0.11713312122062416, 0.2399728853636221, 1.0]"
"[1.0, 0.23607393829583903, 0.2403365865120078, 1.0]"
"[1.0, 0.22701886933228838, 0.2266984813259462, 1.0]"
"[1.0, 0.9202289684555213, 0.8176022464802004, 0.0]"
"[1.0, 0.7256289440709002, 0.8244426179886618, 0.0]"
"[1.0, 0.17166250659681073, 0.33346764582520266, 1.0]"
"[1.0, 0.24153910436999937, 0.16358784817850575, 1.0]"
"[1.0, 0.770363656460932, 0.9725199867664663, 0.0]"
"[1.0, 0.1811742095536997, 0.18902535745592866, 1.0]"
"[1.0, 0.8280777488554287, 0.7279349730621886, 0.0]"
"[1.0, 0.22483669880252216, 0.2599519653004313, 1.0]"
"[1.0, 0.08228074625545838, 0.21492422192438565, 1.0]"
"[1.0, 0.2913326977747686, 0.10530029544622768, 1.0]"
"[1.0, 0.785631228709896, 0.7257072064071466, 0.0]"
"[1.0, 0.2690345772866745, 0.36293019092885814, 1.0]"
"[1.0, 0.6877619539026437, 0.772124654643977, 0.0]"
"[1.0, 0.1743128697341659, 0.18840406912957527, 1.0]"
"[1.0, 0.14035627139996482, 0.23406215330749636, 1.0]"
"[1.0, 0.1469625073442437, 0.2090514482269979, 1.0]"
"[1.0, 0.24315518207554904, 0.2673185209601316, 1.0]"
"[1.0, 0.14574529112157356, 0.2722775852163023, 1.0]"
"[1.0, 0.8022118673505068, 0.8282913197863574, 0.0]"
"[1.0, 0.23948500188736693, 0.14501972740679944, 1.0]"
"[1.0, 0.20011299922468057, 0.19903473859671134, 1.0]"
"[1.0, 0.09727273452128211, 0.2738964513230231, 1.0]"
"[1.0, 0.8972316980286676, 0.853061260737289, 0.0]"
"[1.0, 0.12376257433214566, 0.13465268095157062, 1.0]"
"[1.0, 0.2735978308505484, 0.08108944202218535, 1.0]"
"[1.0, 0.19726802064827992, 0.23541669042179994, 1.0]"
"[1.0, 0.7849673895623415, 0.8119615889646268, 0.0]"
"[1.0, 0.73906114847481, 0.8649067840324731, 0.0]"
"[1.0, 0.8204998444680313, 0.7142635362697098, 0.0]"
"[1.0, 0.864726264729279, 0.7187249252195138, 0.0]"
"[1.0, 0.10897304720058468, 0.2035964081616783, 1.0]"
"[1.0, 0.11243218270339725, 0.2568821067182908, 1.0]"
"[1.0, 0.7870697059319303, 0.7492618119189337, 0.0]"
"[1.0, 0.19545144179225604, 0.1163438849300798, 1.0]"
"[1.0, 0.28478812401967385, 0.23886796945031374, 1.0]"
"[1.0, 0.13883947058069263, 0.1965142550912408, 1.0]"
"[1.0, 0.19556500170662644, 0.13206381605351367, 1.0]"
"[1.0, 0.24664562994965689, 0.17227464682094595, 1.0]"
"[1.0, 0.8677295112050187, 0.8221304965430365, 0.0]"
"[1.0, 0.7526986879163524, 0.7599576734150598, 0.0]"
"[1.0, 0.7813479236746272, 0.6977327944236711, 0.0]"
"[1.0, 0.14408830829434777, 0.22318104665915908, 1.0]"
"[1.0, 0.22088055292361106, 0.3029310548889026, 1.0]"
"[1.0, 0.8547010790794245, 0.7846912323130779, 0.0]"
"[1.0, 0.8538296685443404, 0.738759388472909, 0.0]"
"[1.0, 0.23324098227227133, 0.20887214658032122, 1.0]"
"[1.0, 0.34164860019958226, 0.2314732580101872, 1.0]"
"[1.0, 0.12229076936579127, 0.10923816300909311, 1.0]"
"[1.0, 0.12605099403398876, 0.24085062267259771, 1.0]"
"[1.0, 0.06984145801474316, 0.17608872858598174, 1.0]"
"[1.0, 0.7104762989079932, 0.718227636724357, 0.0]"
"[1.0, 0.09432369019172077, 0.18527539240910867, 1.0]"
"[1.0, 0.28094732681883483, 0.224803062140123, 1.0]"
"[1.0, 0.7888345199846897, 0.9097148769758208, 0.0]"
"[1.0, 0.20010580975157816, 0.3308078656280459, 1.0]"
"[1.0, 0.2860039527264033, 0.27197423635908874, 1.0]"
"[1.0, 0.7727738609150236, 0.9017376630505302, 0.0]"
"[1.0, 0.20185214776234844, 0.25407961110654076, 1.0]"
"[1.0, 0.714745315821815, 0.8070453271561429, 0.0]"
"[1.0, 0.7336191329136954, 0.7269521042191868, 0.0]"
"[1.0, 0.26287683094528375, 0.06956018779155933, 1.0]"
"[1.0, 0.3357523481834563, 0.20465863745762117, 1.0]"
"[1.0, 0.1383773034834516, 0.2326662983013803, 1.0]"
"[1.0, 0.1642151476815911, 0.12322065182290559, 1.0]"
"[1.0, 0.7368155726281654, 0.7969675956971868, 0.0]"
"[1.0, 0.8144466028564654, 0.7355799693022916, 0.0]"
"[1.0, 0.795395897301217, 0.7139151914685911, 0.0]"
"[1.0, 0.7143220383810333, 0.8264836469039689, 0.0]"
"[1.0, 0.11039743015155502, 0.23204852096260503, 1.0]"
"[1.0, 0.2528066361480858, 0.20094175470893125, 1.0]"
"[1.0, 0.7655056892408366, 0.8403575247355991, 0.0]"
"[1.0, 0.09144756288122471, 0.2050421344953992, 1.0]"
"[1.0, 0.8482148822180136, 0.8544928584724834, 0.0]"
"[1.0, 0.8029160115348926, 0.8066673832531732, 0.0]"
"[1.0, 0.24268053940549844, 0.20504436347305974, 1.0]"
"[1.0, 0.16433785690467936, 0.2489471082145673, 1.0]"
"[1.0, 0.6801701871825272, 0.8244193242794859, 0.0]"
"[1.0, 0.25568078316058046, 0.1724256572043163, 1.0]"
"[1.0, 0.7101665702864381, 0.7320266110755506, 0.0]"
"[1.0, 0.875748417003773, 0.7663107854467727, 0.0]"
"[1.0, 0.051740678458566364, 0.27498230685261615, 1.0]"
"[1.0, 0.8538111353939052, 0.8469525772367572, 0.0]"
"[1.0, 0.8549408986835079, 0.7337706635092069, 0.0]"
"[1.0, 0.17889531707329834, 0.24414971719829354, 1.0]"
"[1.0, 1.0, 0.8201461311171465, 0.0]"
"[1.0, 0.2507146310916479, 0.2549431906913485, 1.0]"
"[1.0, 0.787526326891473, 0.8164236138510509, 0.0]"
"[1.0, 0.836473665252202, 0.7967675806529289, 0.0]"
"[1.0, 0.19115257290478213, 0.11058376541978213, 1.0]"
"[1.0, 0.25626102001546364, 0.2946205894621658, 1.0]"
"[1.0, 0.24992421012135052, 0.19965433521130102, 1.0]"
"[1.0, 0.7542676874295281, 0.7797936597158057, 0.0]"
"[1.0, 0.15488247280852468, 0.19050718438054318, 1.0]"
"[1.0, 0.8350532337995931, 0.6767548742301153, 0.0]"
"[1.0, 0.2258153137568155, 0.12442591817577221, 1.0]"
"[1.0, 0.7694683460259643, 0.8644572772867202, 0.0]"
"[1.0, 0.8622572113959663, 0.7271709366982033, 0.0]"
"[1.0, 0.7084504630680395, 0.8689305495105202, 0.0]"
"[1.0, 0.2605763516389622, 0.1655833970927422, 1.0]"
"[1.0, 0.699098889322419, 0.810603106020923, 0.0]"
"[1.0, 0.23751467955210617, 0.17372635349318868, 1.0]"
"[1.0, 0.8678038374804837, 0.6962351996690588, 0.0]"
"[1.0, 0.17364735335734707, 0.18076845283697499, 1.0]"
"[1.0, 0.2594352894195238, 0.3236748095292879, 1.0]"
"[1.0, 0.8507526342006936, 0.7642141922971603, 0.0]"
"[1.0, 0.17848861089358914, 0.39441896861797004, 1.0]"
"[1.0, 0.21430291711383584, 0.32421127604255884, 1.0]"
"[1.0, 0.7425672856514168, 0.6046418280872042, 0.0]"
"[1.0, 0.24445684159504036, 0.20303679288288182, 1.0]"
"[1.0, 0.7841426857394775, 0.7928772090647183, 0.0]"
"[1.0, 0.2803669313008214, 0.2470634633313225, 1.0]"
"[1.0, 0.15068940705883643, 0.14718885031818937, 1.0]"
"[1.0, 0.8409964963205403, 0.6687334436814021, 0.0]"
"[1.0, 0.21030953065796465, 0.20701722391167407, 1.0]"
"[1.0, 0.1853283812204895, 0.23143853504853956, 1.0]"
"[1.0, 0.08708335155616988, 0.22931683514360832, 1.0]"
"[1.0, 0.18765773806440708, 0.1171603618863827, 1.0]"
"[1.0, 0.8711310726036824, 0.7491170749222447, 0.0]"
"[1.0, 0.837246926353348, 0.7978432502570005, 0.0]"
"[1.0, 0.2227546742243056, 0.17076957556472624, 1.0]"
"[1.0, 0.20033985761994913, 0.10569910647260797, 1.0]"
"[1.0, 0.18281872298902607, 0.2036237084647154, 1.0]"
"[1.0, 0.17593627493902883, 0.22524407890664297, 1.0]"
"[1.0, 0.7580796378405844, 0.8100830802276127, 0.0]"
"[1.0, 0.1242094712390107, 0.23965354713663448, 1.0]"
"[1.0, 0.8469550925339141, 0.8433005637707885, 0.0]"
"[1.0, 0.833538111569888, 0.8227119858636529, 0.0]"
"[1.0, 0.8399691167119382, 0.7394421411034894, 0.0]"
"[1.0, 0.2402773013562505, 0.22268989752265259, 1.0]"
"[1.0, 0.25901094230182603, 0.19463830996333273, 1.0]"
"[1.0, 0.0966600878276734, 0.1441270219196819, 1.0]"
"[1.0, 0.2708683093982524, 0.27190624726326723, 1.0]"
"[1.0, 0.07952063267075139, 0.2084887962337528, 1.0]"
"[1.0, 0.27501512848937965, 0.20626622322650293, 1.0]"
"[1.0, 0.1785920719244532, 0.24608241778125195, 1.0]"
"[1.0, 0.8053091421816625, 0.7876317817834744, 0.0]"
"[1.0, 0.8349373694251447, 0.8303199696296472, 0.0]"
"[1.0, 0.731429987541954, 0.7271299009948085, 0.0]"
"[1.0, 0.7817882574169879, 0.7678818878624398, 0.0]"
"[1.0, 0.7736421179168731, 0.7891994648210654, 0.0]"
"[1.0, 0.8470925474846681, 0.6540454626847132, 0.0]"
"[1.0, 0.14482524459834953, 0.2165926168511165, 1.0]"
"[1.0, 0.8987541486126237, 0.766475039954025, 0.0]"
"[1.0, 0.16929443412956136, 0.15785545077464191, 1.0]"
"[1.0, 0.19657625533463213, 0.21142369182291973, 1.0]"
"[1.0, 0.2481431379476933, 0.19326062388901677, 1.0]"
"[1.0, 0.15041890691316998, 0.2040645250498693, 1.0]"
"[1.0, 0.9519033516100771, 0.7905831966019992, 0.0]"
"[1.0, 0.7820887125344971, 0.729719181058401, 0.0]"
"[1.0, 0.835885732898414, 0.7055547673978114, 0.0]"
"[1.0, 0.2611446661601701, 0.23953584418877577, 1.0]"
"[1.0, 0.14051395330507122, 0.29930605048775805, 1.0]"
"[1.0, 0.8927331175142438, 0.8886166062577251, 0.0]"
"[1.0, 0.8111522110681676, 0.8249970576608009, 0.0]"
"[1.0, 0.22147572260331772, 0.19037980308268687, 1.0]"
"[1.0, 0.7728013738941294, 0.8588362769254353, 0.0]"
"[1.0, 0.8253363348074171, 0.761356024942774, 0.0]"
"[1.0, 0.2207134887778221, 0.18992566402006272, 1.0]"
"[1.0, 0.28519897548252343, 0.179107669768985, 1.0]"
"[1.0, 0.30219656480389434, 0.17869742956928744, 1.0]"
"[1.0, 0.17871495719240965, 0.15678834482912687, 1.0]"
"[1.0, 0.2245191763863734, 0.1874456721889193, 1.0]"
"[1.0, 0.24497195493555754, 0.16508592120434498, 1.0]"
"[1.0, 0.26797969455105664, 0.21152050560369987, 1.0]"
"[1.0, 0.7732342182423868, 0.844881065180055, 0.0]"
"[1.0, 0.8109136354866832, 0.7094274395719252, 0.0]"
"[1.0, 0.25990930231389314, 0.18526018014077736, 1.0]"
"[1.0, 0.8998877583467855, 0.7677038192610174, 0.0]"
"[1.0, 0.2148091069104912, 0.3305484724249494, 1.0]"
"[1.0, 0.19307551360858694, 0.16725727751054123, 1.0]"
"[1.0, 0.7472081741455293, 0.8081343770436443, 0.0]"
"[1.0, 0.354227428813376, 0.14685136758478878, 1.0]"
"[1.0, 0.12705885506705616, 0.1992743994363007, 1.0]"
"[1.0, 0.8215311257363163, 0.6996016571060912, 0.0]"
"[1.0, 0.20293708207087288, 0.28256753380081395, 1.0]"
"[1.0, 0.25045331164902657, 0.23972389914380426, 1.0]"
"[1.0, 0.20440548901752276, 0.3222706818707281, 1.0]"
"[1.0, 0.8320945544990334, 0.7505808598318201, 0.0]"
"[1.0, 0.823459561848478, 0.7752121847787776, 0.0]"
"[1.0, 0.25281118072263725, 0.06131652466318793, 1.0]"
"[1.0, 0.710240013230422, 0.6909972577146238, 0.0]"
"[1.0, 0.7725897031857711, 0.6462983329783761, 0.0]"
"[1.0, 0.7820922378142372, 0.8312061613465442, 0.0]"
"[1.0, 0.09749596989485368, 0.2929817052349932, 1.0]"
"[1.0, 0.7726105834713275, 0.740188276990302, 0.0]"
"[1.0, 0.17852495847960284, 0.21728659927505498, 1.0]"
"[1.0, 0.25552899543342683, 0.22206244273351042, 1.0]"
"[1.0, 0.32694910757490586, 0.1704970682808173, 1.0]"
"[1.0, 0.7432918502490943, 0.6498849506922237, 0.0]"
"[1.0, 0.7815484510619409, 0.8505571113449862, 0.0]"
"[1.0, 0.7714113969995643, 0.6846713769500615, 0.0]"
"[1.0, 0.7949476727056124, 0.8527223871969458, 0.0]"
"[1.0, 0.09283405170347821, 0.22799732047772145, 1.0]"
"[1.0, 0.18733650216617515, 0.31085121490560713, 1.0]"
"[1.0, 0.2552310151276136, 0.0896976770127265, 1.0]"
"[1.0, 0.2662010710745475, 0.2270861593598982, 1.0]"
"[1.0, 0.19123366218245894, 0.2513019726916539, 1.0]"
"[1.0, 0.2192998571754986, 0.24747131674867037, 1.0]"
"[1.0, 0.1994867167370989, 0.15121203639135888, 1.0]"
"[1.0, 0.8062691108862592, 0.6837765807030209, 0.0]"
"[1.0, 0.9201469164766456, 0.8203772585866999, 0.0]"
"[1.0, 0.21220731250377384, 0.16523477757334554, 1.0]"
