"[1.0, 0.6218017729202852, 0.832171740358752, 1.0]"
"[1.0, 0.61383609302258, 0.5309729002332176, 0.0]"
"[1.0, 0.6295023733928548, 0.3614653064442669, 0.0]"
"[1.0, 0.4180247564108293, 0.4833562671174434, 1.0]"
"[1.0, 0.44303464040568286, 0.42151562261402686, 0.0]"
"[1.0, 0.3978802413193853, 0.293484156332136, 1.0]"
"[1.0, 0.556377873158662, 0.559265131129178, 0.0]"
"[1.0, 0.6132795409938935, 0.5312476191671283, 0.0]"
"[1.0, 0.5293610416554455, 0.6027784446448474, 1.0]"
"[1.0, 0.44871964803254655, 0.3346907007575626, 1.0]"
"[1.0, 0.5970072868330378, 0.4679504926620524, 0.0]"
"[1.0, 0.41591718596028304, 0.5589033623041005, 1.0]"
"[1.0, 0.764280142399863, 0.3992993851893645, 0.0]"
"[1.0, 0.212633684329071, 0.4311920709491523, 1.0]"
"[1.0, 0.5139598383037042, 0.5381464032390155, 0.0]"
"[1.0, 0.49985652695409116, 0.5764926681768268, 1.0]"
"[1.0, 0.5423920743611, 0.5990801577693223, 0.0]"
"[1.0, 0.34358423053983667, 0.47740312165938464, 1.0]"
"[1.0, 0.5026953751815122, 0.6979807410313711, 0.0]"
"[1.0, 0.621260894820399, 0.5374495569909056, 0.0]"
"[1.0, 0.28324446518296936, 0.39744408412361776, 1.0]"
"[1.0, 0.6741444350981491, 0.5794878363238823, 0.0]"
"[1.0, 0.7620696553883772, 0.5818657871537896, 0.0]"
"[1.0, 0.4126481230114991, 0.37906345759588045, 1.0]"
"[1.0, 0.6423248304255961, 0.38834962149789787, 1.0]"
"[1.0, 0.3824576016041163, 0.4865920413972086, 1.0]"
"[1.0, 0.776248096943018, 0.5733190971791253, 0.0]"
"[1.0, 0.633032929115451, 0.43986134837382357, 0.0]"
"[1.0, 0.6503171689714591, 0.26012891146886047, 1.0]"
"[1.0, 0.47508474071589923, 0.6344619087092209, 1.0]"
"[1.0, 0.5260637761218149, 0.6915416605554441, 0.0]"
"[1.0, 0.49192909334097773, 0.5995901851851356, 1.0]"
"[1.0, 0.35435030969020886, 0.3294315059860385, 1.0]"
"[1.0, 0.43973921706372565, 0.4411256210096633, 1.0]"
"[1.0, 0.4462307314944196, 0.26783146177723705, 1.0]"
"[1.0, 0.46027130522117493, 0.5908570533959638, 0.0]"
"[1.0, 0.42280605689709105, 0.602329069027373, 1.0]"
"[1.0, 0.1664532527660181, 0.41542997675869786, 1.0]"
"[1.0, 0.5217341269913424, 0.2352505155823821, 1.0]"
"[1.0, 0.5260864821448783, 0.4186435679158319, 1.0]"
"[1.0, 0.600389413992638, 0.34989503029404156, 1.0]"
"[1.0, 0.5213555448622249, 0.45481897650305825, 0.0]"
"[1.0, 0.41777556083706424, 0.3522701181327784, 0.0]"
"[1.0, 0.5835824891928969, 0.6090112875678979, 0.0]"
"[1.0, 0.5107069301570405, 0.38080613191710116, 0.0]"
"[1.0, 0.673909610094906, 0.5301119750010899, 0.0]"
"[1.0, 0.2925139557136315, 0.43098511153604524, 1.0]"
"[1.0, 0.526460439456936, 0.45944146531144753, 0.0]"
"[1.0, 0.7236551897864375, 0.6232581825613324, 0.0]"
"[1.0, 0.56358715638482, 0.3118254158643334, 1.0]"
"[1.0, 0.5206536581667295, 0.3631016601691088, 1.0]"
"[1.0, 0.3656705391675733, 0.4021056809445506, 1.0]"
"[1.0, 0.21047072864234304, 0.3115929833666475, 0.0]"
"[1.0, 0.7994157713086233, 0.4527573710317079, 0.0]"
"[1.0, 0.81515872929192, 0.5036752294438605, 0.0]"
"[1.0, 0.6248368506506072, 0.5392467914353519, 0.0]"
"[1.0, 0.4419667582601907, 0.45268971247037476, 1.0]"
"[1.0, 0.07723204889732022, 0.3343508700747603, 1.0]"
"[1.0, 0.6754624957446718, 0.504739808719851, 0.0]"
"[1.0, 0.7273995707330132, 0.5191305715765494, 0.0]"
"[1.0, 0.4590392925929519, 0.40442968904035426, 1.0]"
"[1.0, 0.3272364756263746, 0.2731626137010721, 1.0]"
"[1.0, 0.7024720352404907, 0.39173992184467804, 0.0]"
"[1.0, 0.4932035349299845, 0.3933787604894121, 0.0]"
"[1.0, 0.27845321814308854, 0.3870473665037396, 0.0]"
"[1.0, 0.6123018025901804, 0.6418720773995029, 0.0]"
"[1.0, 0.2680037834299091, 0.5623120956119462, 0.0]"
"[1.0, 0.4579140870704821, 0.46920385184225744, 1.0]"
"[1.0, 0.4486805015586941, 0.38621606497569944, 1.0]"
"[1.0, 0.5125195054489959, 0.5487276745995746, 0.0]"
"[1.0, 0.8705792939273984, 0.4342068758014559, 0.0]"
"[1.0, 0.5214209152647742, 0.634832782761881, 0.0]"
"[1.0, 0.541860240609571, 0.4671972206913449, 1.0]"
"[1.0, 0.4892740506602479, 0.5879099143477364, 0.0]"
"[1.0, 0.7594889547879586, 0.4324940982138555, 0.0]"
"[1.0, 0.6794972393719679, 0.45052521463517803, 0.0]"
"[1.0, 0.5157581408012645, 0.19719356581620803, 1.0]"
"[1.0, 0.41915271492344724, 0.34864372252253384, 0.0]"
"[1.0, 0.5526025999710727, 0.5280132756586765, 0.0]"
"[1.0, 0.5222383071092329, 0.3689988912423513, 1.0]"
"[1.0, 0.42541291057001607, 0.22252272165011502, 1.0]"
"[1.0, 0.4486722188813195, 0.47022188638704293, 1.0]"
"[1.0, 0.4852284195227192, 0.5038186839000315, 0.0]"
"[1.0, 0.6501093781850574, 0.567289118972442, 0.0]"
"[1.0, 0.3101349226876158, 0.5092716861819327, 1.0]"
"[1.0, 0.5260920031506934, 0.7032442591069967, 1.0]"
"[1.0, 0.6111669062062198, 0.38858507544923193, 0.0]"
"[1.0, 0.4758305039880424, 0.6653253044354507, 0.0]"
"[1.0, 0.5019094379419929, 0.5989552035220047, 0.0]"
"[1.0, 0.5430850776608467, 0.6637329337049317, 0.0]"
"[1.0, 0.7061004663961296, 0.3343948901168188, 1.0]"
"[1.0, 0.5903006788733305, 0.5831313430723193, 0.0]"
"[1.0, 0.5230883417779612, 0.5673645698492563, 1.0]"
"[1.0, 0.47846938035653785, 0.6397198009718598, 0.0]"
"[1.0, 0.5252133241909485, 0.5116434247560013, 0.0]"
"[1.0, 0.7200414028421718, 0.5990881182042758, 0.0]"
"[1.0, 0.8265965535931404, 0.47259661660976826, 0.0]"
"[1.0, 0.24847730905749932, 0.5226855898052288, 1.0]"
"[1.0, 0.4352552925973232, 0.5612965208349769, 0.0]"
"[1.0, 0.6655568682886536, 0.49890471341751075, 0.0]"
"[1.0, 0.4783721762649611, 0.608204779052651, 0.0]"
"[1.0, 0.135676414891188, 0.18135581281632163, 1.0]"
"[1.0, 0.6099286795082881, 0.7805064385418364, 0.0]"
"[1.0, 0.5707985484693953, 0.37906285543846874, 1.0]"
"[1.0, 0.6098317422976545, 0.2750345704022087, 1.0]"
"[1.0, 0.6800079000814097, 0.8174549776524878, 0.0]"
"[1.0, 0.6100165365109183, 0.46759976164834527, 0.0]"
"[1.0, 0.6363399068927988, 0.4231352894060402, 1.0]"
"[1.0, 0.6146289327966957, 0.5470602500263425, 1.0]"
"[1.0, 0.6086434716086058, 0.3223095686455046, 0.0]"
"[1.0, 0.4823684789563149, 0.5898698818547431, 0.0]"
"[1.0, 0.5736256677070991, 0.4246205542949596, 1.0]"
"[1.0, 0.2709462368406564, 0.5143397225318567, 0.0]"
"[1.0, 0.3926882345594031, 0.4906048990710248, 1.0]"
"[1.0, 0.5401080996827033, 0.3225508364578186, 1.0]"
"[1.0, 0.744260337493747, 0.5466523306509576, 0.0]"
"[1.0, 0.3165293166026392, 0.47547827509975954, 1.0]"
"[1.0, 0.4476524311868126, 0.33002027257259026, 1.0]"
"[1.0, 0.38941407803515504, 0.656137847468702, 0.0]"
"[1.0, 0.5559742216592345, 0.46560609966351685, 0.0]"
"[1.0, 0.6663183934629106, 0.5351071974478359, 1.0]"
"[1.0, 0.25389298409854544, 0.42322374179986627, 1.0]"
"[1.0, 0.31392997908510134, 0.304516611582119, 1.0]"
"[1.0, 0.49738475016765427, 0.5711319044884577, 0.0]"
"[1.0, 0.2774887100210263, 0.4550805907218187, 0.0]"
"[1.0, 0.4399275583579606, 0.43378111289274585, 1.0]"
"[1.0, 0.33855375097323187, 0.5480047932298893, 1.0]"
"[1.0, 0.5656487471459068, 0.6871379689217189, 0.0]"
"[1.0, 0.6894446975903975, 0.5425871733804049, 0.0]"
"[1.0, 0.26248451673165246, 0.6974662739007931, 1.0]"
"[1.0, 0.5827599008686407, 0.32442604765340327, 1.0]"
"[1.0, 0.5261055578260635, 0.3340723382088291, 0.0]"
"[1.0, 0.2201424066324467, 0.48656805408490394, 1.0]"
"[1.0, 0.7151824768499657, 0.4679354193249754, 0.0]"
"[1.0, 0.37248426067172885, 0.7623274470440873, 0.0]"
"[1.0, 0.3273988792264819, 0.4333296284513618, 1.0]"
"[1.0, 0.36193207087941803, 0.5442573762266423, 0.0]"
"[1.0, 0.4497559170144946, 0.08923790123388808, 1.0]"
"[1.0, 0.6314622267088221, 0.3714822087772022, 0.0]"
"[1.0, 0.565145830185946, 0.5107452763368947, 0.0]"
"[1.0, 0.6824445612273896, 0.5039972819097274, 0.0]"
"[1.0, 0.36766511090848636, 0.24059404412798663, 1.0]"
"[1.0, 0.3395816748006247, 0.360746259734835, 1.0]"
"[1.0, 0.42853575875345684, 0.34002921710429845, 1.0]"
"[1.0, 0.5824093098267972, 0.38428673989775686, 0.0]"
"[1.0, 0.5782326458535936, 0.4047483452295555, 0.0]"
"[1.0, 0.7056199598628506, 0.49446273281593783, 0.0]"
"[1.0, 0.40032144088411453, 0.43224436552038875, 1.0]"
"[1.0, 0.5556261228691032, 0.39744164481106803, 0.0]"
"[1.0, 0.3827327113792791, 0.537991361751943, 0.0]"
"[1.0, 0.7481390413985377, 0.5309287470124457, 0.0]"
"[1.0, 0.4139708771073712, 0.4452942140693981, 1.0]"
"[1.0, 0.5410338287032873, 0.4268405160601439, 1.0]"
"[1.0, 0.531238604895358, 0.6095925667804719, 0.0]"
"[1.0, 0.5121093485107836, 0.2864899935198449, 0.0]"
"[1.0, 0.5591461955797887, 0.6354860958120686, 0.0]"
"[1.0, 0.6427539080458928, 0.48999958908967906, 1.0]"
"[1.0, 0.5111629139087154, 0.3571344640495333, 0.0]"
"[1.0, 0.5695414834871833, 0.391460873154037, 1.0]"
"[1.0, 0.4863873734515844, 0.468761237041721, 1.0]"
"[1.0, 0.4652237142303631, 0.4611351497508216, 1.0]"
"[1.0, 0.5642796422459989, 0.4617116724114677, 0.0]"
"[1.0, 0.4520071017067316, 0.4101756951140738, 0.0]"
"[1.0, 0.5759589518623468, 0.8223839946080888, 0.0]"
"[1.0, 0.2942287412967551, 0.5608855389198272, 1.0]"
"[1.0, 0.44991215056934913, 0.6016256929839332, 1.0]"
"[1.0, 0.5301479719211445, 0.6037308328822797, 0.0]"
"[1.0, 0.5531774171093, 0.44140534634824824, 0.0]"
"[1.0, 0.5661285632108964, 0.4392528423667324, 0.0]"
"[1.0, 0.2255047451054531, 0.49496675305532917, 1.0]"
"[1.0, 0.5239620662853216, 0.556118090305634, 0.0]"
"[1.0, 0.514342697665835, 0.30655619660727823, 1.0]"
"[1.0, 0.4647906729410573, 0.7223208401473267, 1.0]"
"[1.0, 0.5474632260115239, 0.6204003381284097, 1.0]"
"[1.0, 0.5562288707783272, 0.5024284540503547, 1.0]"
"[1.0, 0.7519948019841604, 0.7429110659160645, 0.0]"
"[1.0, 0.4493076437986583, 0.2561971395711979, 1.0]"
"[1.0, 0.34462226698906284, 0.16758781653614194, 1.0]"
"[1.0, 0.685280027925452, 0.5832235393067685, 0.0]"
"[1.0, 0.5659032986463747, 0.5795998242583181, 0.0]"
"[1.0, 0.3663635886589783, 0.6097400348146407, 1.0]"
"[1.0, 0.4694372942729446, 0.5013641158480264, 1.0]"
"[1.0, 0.6474338154832795, 0.47591131740593456, 1.0]"
"[1.0, 0.40836673496092646, 0.47428295343818916, 1.0]"
"[1.0, 0.6298804053737637, 0.5116520120614889, 0.0]"
"[1.0, 0.37082221870618104, 0.6176750336425316, 0.0]"
"[1.0, 0.6283961174065067, 0.7957427349200813, 0.0]"
"[1.0, 0.3733696555346299, 0.643977289549715, 0.0]"
"[1.0, 0.34968552766511685, 0.37655043989111664, 1.0]"
"[1.0, 0.4141005340401726, 0.3260837157226632, 1.0]"
"[1.0, 0.44589493021303706, 0.463853688064518, 0.0]"
"[1.0, 0.6552393083064344, 0.3811265089385684, 1.0]"
"[1.0, 0.6717179627789004, 0.38306948373723276, 1.0]"
"[1.0, 0.3146765795275227, 0.40794455191169593, 1.0]"
"[1.0, 0.551831174667956, 0.401286322922141, 1.0]"
"[1.0, 0.422800673565353, 0.38449394328162456, 1.0]"
"[1.0, 0.6477535943698121, 0.46040502541687134, 0.0]"
"[1.0, 0.5067138852691858, 0.5481357255948592, 0.0]"
"[1.0, 0.19854397824389192, 0.5859751978583643, 1.0]"
"[1.0, 0.7119121206670155, 0.4775983644184046, 0.0]"
"[1.0, 0.7488579160344266, 0.4809982269880161, 0.0]"
"[1.0, 0.38383440673934927, 0.7892416702880426, 1.0]"
"[1.0, 0.6929107746261935, 0.45573217438013347, 0.0]"
"[1.0, 0.47225827771854056, 0.378293748413407, 1.0]"
"[1.0, 0.5047645983583362, 0.2132096639003645, 0.0]"
"[1.0, 0.5639075257081132, 0.4010617572743658, 0.0]"
"[1.0, 0.4311307448364869, 0.49007439193836444, 1.0]"
"[1.0, 0.43943632127285226, 0.5142849874414729, 0.0]"
"[1.0, 0.6397667436161222, 0.7192206078664793, 0.0]"
"[1.0, 0.6134365528076511, 0.5607597352082854, 0.0]"
"[1.0, 0.4621868062720818, 0.4352444586900043, 0.0]"
"[1.0, 0.4569114253054468, 0.426568921997497, 1.0]"
"[1.0, 0.33506685594490526, 0.5447420287519373, 1.0]"
"[1.0, 0.5891590580749039, 0.1668822811012673, 1.0]"
"[1.0, 0.5634965342204251, 0.18650589497919468, 1.0]"
"[1.0, 0.41382804628429004, 0.7865703246458889, 0.0]"
"[1.0, 0.5286947793071639, 0.5659333424646582, 1.0]"
"[1.0, 0.34767493755505835, 0.46879797338456247, 1.0]"
"[1.0, 0.7207422106234764, 0.30240144188689777, 0.0]"
"[1.0, 0.3273917768367276, 0.4393231382089701, 1.0]"
"[1.0, 0.46694280016122885, 0.4262147326828913, 0.0]"
"[1.0, 0.4150442403040259, 0.5450578466191958, 0.0]"
"[1.0, 0.5035109208652916, 0.4981820754040493, 1.0]"
"[1.0, 0.36553627125252763, 0.43803819438444835, 1.0]"
"[1.0, 0.608969058352924, 0.3890647871935097, 0.0]"
"[1.0, 0.6713746553087439, 0.3931169316220328, 1.0]"
"[1.0, 0.39775389560155006, 0.31445007367620326, 1.0]"
"[1.0, 0.27365303547409076, 0.424154191236594, 1.0]"
"[1.0, 0.5061079746739853, 0.6123959224202293, 0.0]"
"[1.0, 0.43115028688207313, 0.46228905349100563, 1.0]"
"[1.0, 0.6699253758755058, 0.5332982834409368, 0.0]"
"[1.0, 0.79504383353745, 0.4630150822064131, 0.0]"
"[1.0, 0.7418366620190026, 0.6116116561108494, 0.0]"
"[1.0, 0.6347902327855716, 0.6245850857133868, 0.0]"
"[1.0, 0.6011141986094444, 0.6486178140655912, 1.0]"
"[1.0, 0.35990516033372666, 0.6847575350594214, 0.0]"
"[1.0, 0.5321707410871993, 0.5280237700886049, 0.0]"
"[1.0, 0.5047301887408894, 0.4475796502913532, 1.0]"
"[1.0, 0.37432361022959054, 0.47131513007654857, 0.0]"
"[1.0, 0.4620312854749461, 0.5456121640339182, 1.0]"
"[1.0, 0.2767513667034343, 0.4764455076718488, 1.0]"
"[1.0, 0.5598820467215573, 0.45772795923540677, 0.0]"
"[1.0, 0.41588624180090167, 0.5373105630998232, 1.0]"
"[1.0, 0.426139777522206, 0.4856179906368614, 1.0]"
"[1.0, 0.618261879754055, 0.42548015357804697, 1.0]"
"[1.0, 0.45515843641008663, 0.12753392961594626, 1.0]"
"[1.0, 0.6113990544053137, 0.7199007411956732, 0.0]"
"[1.0, 0.4553098781157657, 0.3853344375647208, 1.0]"
"[1.0, 0.511592358724985, 0.3184790994389476, 0.0]"
"[1.0, 0.7590459128783641, 0.5945377619104127, 0.0]"
"[1.0, 0.3159390613260159, 0.5541803739152669, 1.0]"
"[1.0, 0.3986317354380141, 0.2928605836600702, 1.0]"
"[1.0, 0.464420009292144, 0.5445345608542511, 1.0]"
"[1.0, 0.4387828398959428, 0.43185732522240877, 1.0]"
"[1.0, 0.5682959792592728, 0.2529634472074507, 0.0]"
"[1.0, 0.40551290823110114, 0.5664450127544673, 0.0]"
"[1.0, 0.3170214014042409, 0.47487745772716156, 1.0]"
"[1.0, 0.6766282058274442, 0.9133594056033127, 0.0]"
"[1.0, 0.35196067426813615, 0.17652161664640284, 1.0]"
"[1.0, 0.5544958158772578, 0.4987068487848764, 0.0]"
"[1.0, 0.5722419775134931, 0.26612984424975955, 0.0]"
"[1.0, 0.3601876653986197, 0.36141478434878804, 1.0]"
"[1.0, 0.5315134206491416, 0.5096769429926472, 0.0]"
"[1.0, 0.4166362207108776, 0.4798708298940408, 1.0]"
"[1.0, 0.20794833891997588, 0.4349107680989636, 1.0]"
"[1.0, 0.5154012327853794, 0.592396654717035, 0.0]"
"[1.0, 0.6492511270583387, 0.5646546213430851, 1.0]"
"[1.0, 0.47348732178293823, 0.39815062634391296, 1.0]"
"[1.0, 0.40330566728619954, 0.4844955466585178, 0.0]"
"[1.0, 0.6565660003483819, 0.33097334860740574, 0.0]"
"[1.0, 0.4228849077609142, 0.37138667504205847, 1.0]"
"[1.0, 0.5272894653310882, 0.7225685071660848, 0.0]"
"[1.0, 0.6348205316162215, 0.582289128044747, 1.0]"
"[1.0, 0.27178253607418235, 0.3475398345880211, 1.0]"
"[1.0, 0.5065031855422356, 0.5335187066776479, 0.0]"
"[1.0, 0.6973313193099119, 0.5796086995616766, 0.0]"
"[1.0, 0.4064842800923099, 0.1312560567541084, 0.0]"
"[1.0, 0.49345753222503747, 0.6003635205685001, 0.0]"
"[1.0, 0.5431255512629085, 0.5723815866807667, 0.0]"
"[1.0, 0.5439104439673819, 0.421140915525243, 0.0]"
"[1.0, 0.6608882054774595, 0.5443521140499755, 0.0]"
"[1.0, 0.37428115517417443, 0.25873372178755355, 1.0]"
"[1.0, 0.5802528289356153, 0.43312928723896477, 0.0]"
"[1.0, 0.7103464316808488, 0.33543677146465883, 1.0]"
"[1.0, 0.5972115180581522, 0.5616556364451089, 0.0]"
"[1.0, 0.323955380052684, 0.23283282798189264, 1.0]"
"[1.0, 0.5976445589505568, 0.39356999945911364, 1.0]"
"[1.0, 0.6910353513226398, 0.49571964612074687, 0.0]"
"[1.0, 0.49973474860354256, 0.6621730469481556, 0.0]"
"[1.0, 0.6069976588167746, 0.30505155728826266, 1.0]"
"[1.0, 0.48387788983765034, 0.3725309081377166, 1.0]"
"[1.0, 0.39295212938771185, 0.6547523865933563, 1.0]"
"[1.0, 0.43356389212773844, 0.3866531409639767, 0.0]"
"[1.0, 0.5230365740127427, 0.5792486128092061, 0.0]"
"[1.0, 0.4156145883046934, 0.4513206249389551, 1.0]"
"[1.0, 0.6825274912582706, 0.43512271679752884, 0.0]"
"[1.0, 0.33220082257134853, 0.41741967371386685, 0.0]"
"[1.0, 0.5945171840033817, 0.4486127722197535, 1.0]"
"[1.0, 0.4388841072533562, 0.19541830805421612, 1.0]"
"[1.0, 0.5914365913918997, 0.6316782687425782, 1.0]"
"[1.0, 0.6674746445685918, 0.6203825268143247, 0.0]"
"[1.0, 0.6951709275437895, 0.4761433619558743, 0.0]"
"[1.0, 0.6558415358097882, 0.6015473323673235, 0.0]"
"[1.0, 0.4562838678256473, 0.32788169472127443, 1.0]"
"[1.0, 0.5312467053827978, 0.4873714352268481, 0.0]"
"[1.0, 0.4224092140999379, 0.46599422812903174, 1.0]"
"[1.0, 0.37584406089235495, 0.6278916767862681, 0.0]"
"[1.0, 0.5827413123985835, 0.4041893515476342, 0.0]"
"[1.0, 0.5058257489703525, 0.401485956408634, 1.0]"
"[1.0, 0.3267887580145544, 0.26966539665807054, 1.0]"
"[1.0, 0.2623675374437898, 0.291210474031481, 1.0]"
"[1.0, 0.42566125981958974, 0.6155170624421915, 1.0]"
"[1.0, 0.3519725984699037, 0.4553088235688093, 1.0]"
"[1.0, 0.7205614558116188, 0.8127740880030491, 0.0]"
"[1.0, 0.6372831917239088, 0.5733618826185184, 1.0]"
"[1.0, 0.6955327446898002, 0.3757983480927482, 0.0]"
"[1.0, 0.4589985278486142, 0.5183802169395451, 1.0]"
"[1.0, 0.646891522017269, 0.04384702623000379, 1.0]"
"[1.0, 0.6213443204666185, 0.31890528067103835, 0.0]"
"[1.0, 0.6366746685720421, 0.5942085512423433, 0.0]"
"[1.0, 0.9400666782305592, 0.4477402759785526, 0.0]"
"[1.0, 0.4792502753467594, 0.3761643593665586, 1.0]"
"[1.0, 0.6324644517887948, 0.5507291765703158, 0.0]"
"[1.0, 0.6407581494086504, 0.7660240015867449, 0.0]"
"[1.0, 0.4802548251423281, 0.6287189012196339, 1.0]"
"[1.0, 0.7684616988207728, 0.6180265657916043, 0.0]"
"[1.0, 0.4529765252967294, 0.6350312672856776, 1.0]"
"[1.0, 0.5364216484762883, 0.5075313914754865, 0.0]"
"[1.0, 0.5934280074713459, 0.44874468362823566, 0.0]"
"[1.0, 0.4417417889266498, 0.7259981419818962, 1.0]"
"[1.0, 0.7280981743178765, 0.650312235157954, 0.0]"
"[1.0, 0.6925862150351996, 0.43225648013037865, 0.0]"
"[1.0, 0.4121384190401907, 0.18241718777033214, 1.0]"
"[1.0, 0.39862680369715847, 0.33597237674342656, 1.0]"
"[1.0, 0.42256342724218815, 0.5286199312981086, 1.0]"
"[1.0, 0.37975303757726214, 0.2793709804923899, 1.0]"
"[1.0, 0.3897157137236042, 0.39499487210333123, 0.0]"
"[1.0, 0.37772466398068444, 0.3897766857527918, 1.0]"
"[1.0, 0.8700385603685983, 0.4221363988842771, 0.0]"
"[1.0, 0.6197148746674812, 0.6035849223894039, 0.0]"
"[1.0, 0.4984656728007521, 0.11934869448239985, 1.0]"
"[1.0, 0.5211536064998651, 0.355529587600805, 1.0]"
"[1.0, 0.41594303250589354, 0.5384479260350445, 0.0]"
"[1.0, 0.6016184367126087, 0.3606820596499815, 1.0]"
"[1.0, 0.32883089512547015, 0.3630120269445093, 1.0]"
"[1.0, 0.2298027990652045, 0.5757045232239807, 1.0]"
"[1.0, 0.575803017961078, 0.7090894576871536, 0.0]"
"[1.0, 0.6315958614919515, 0.491696812509738, 0.0]"
"[1.0, 0.4126568320797233, 0.342402515941176, 1.0]"
"[1.0, 0.37042290507734377, 0.4574029008109769, 1.0]"
"[1.0, 0.4180365876937772, 0.678020085541919, 1.0]"
"[1.0, 0.5221411121463669, 0.4800627529300141, 1.0]"
"[1.0, 0.5171298605006427, 0.42694890931060336, 1.0]"
"[1.0, 0.2934949406501294, 0.5589458233124226, 1.0]"
"[1.0, 0.48577518274369025, 0.5252159999739523, 1.0]"
"[1.0, 0.5525240170150953, 0.6449870440130779, 0.0]"
"[1.0, 0.38954588356052655, 0.5189829884485825, 1.0]"
"[1.0, 0.48681332310525005, 0.19837848277009384, 1.0]"
"[1.0, 0.7512546633214655, 0.5986367892843748, 0.0]"
"[1.0, 0.38749643652499033, 0.6589596428733144, 1.0]"
"[1.0, 0.3633605859331946, 0.4844012842665105, 0.0]"
"[1.0, 0.42432484164870765, 0.36714984882990614, 0.0]"
"[1.0, 0.21687751574434028, 0.3327428527329373, 1.0]"
"[1.0, 0.6304824278685531, 0.4991714161692816, 1.0]"
"[1.0, 0.464196509756797, 0.3426909816046928, 0.0]"
"[1.0, 0.6238692549197654, 0.2306555699667198, 0.0]"
"[1.0, 0.4075719397209905, 0.3966991491666944, 1.0]"
"[1.0, 0.5443674933528294, 0.47458673377581995, 0.0]"
"[1.0, 0.46678631492734984, 0.3492163865121309, 1.0]"
"[1.0, 0.5365021970411, 0.49490591035579623, 1.0]"
"[1.0, 0.5246136170499426, 0.2548017768102384, 1.0]"
"[1.0, 0.3880034091025786, 0.6258771167173169, 1.0]"
"[1.0, 0.2472817212303197, 0.38242696035758883, 1.0]"
"[1.0, 0.5267373776645549, 0.3337301488493696, 1.0]"
"[1.0, 0.4053300574884423, 0.363341741839302, 1.0]"
"[1.0, 0.2852576659029919, 0.32366432519924054, 1.0]"
"[1.0, 0.4547825972100034, 0.5387623242804289, 0.0]"
"[1.0, 0.5862558242307031, 0.5522883010391765, 0.0]"
"[1.0, 0.8029713844756138, 0.7742766123756224, 0.0]"
"[1.0, 0.20519892478881765, 0.5429281587323082, 1.0]"
"[1.0, 0.5687468786586933, 0.6538222676013724, 0.0]"
"[1.0, 0.303304836975369, 0.4530138808712095, 1.0]"
"[1.0, 0.6598685762470565, 0.4931714116009973, 1.0]"
"[1.0, 0.5199394597496676, 0.5360627214864939, 0.0]"
"[1.0, 0.3956352932319862, 0.3999315742256875, 1.0]"
"[1.0, 0.6430892322654608, 0.3975822085780565, 0.0]"
"[1.0, 0.5249599713930256, 0.7829255275914937, 0.0]"
"[1.0, 0.3893559062990831, 0.37667604409796135, 1.0]"
"[1.0, 0.4549453008605965, 0.5153614409561179, 1.0]"
"[1.0, 0.6129304438477757, 0.6046445663713056, 1.0]"
"[1.0, 0.6588189623296093, 0.4897382095358495, 0.0]"
"[1.0, 0.6200967651639633, 0.7314420024713262, 0.0]"
"[1.0, 0.44883619067314723, 0.5465660821146325, 0.0]"
"[1.0, 0.5396547419949143, 0.3612982011342094, 1.0]"
"[1.0, 0.5554300113212532, 0.318911832326286, 1.0]"
"[1.0, 0.4407725701877162, 0.3439204534663659, 0.0]"
"[1.0, 0.5524196863795328, 0.3468139721923714, 0.0]"
"[1.0, 0.3686278546376753, 0.6119334655716546, 0.0]"
"[1.0, 0.5934204784135423, 0.4555898796849324, 0.0]"
"[1.0, 0.42932099368697213, 0.40685734590593153, 1.0]"
"[1.0, 0.46480210710929415, 0.5762182599786152, 0.0]"
"[1.0, 0.4083092027260785, 0.2855073823180106, 1.0]"
"[1.0, 0.7570203537600144, 0.4580478335225956, 0.0]"
"[1.0, 0.6269172922203894, 0.3455531891987614, 1.0]"
"[1.0, 0.5291131390701475, 0.7701373102487734, 1.0]"
"[1.0, 0.8951233633166078, 0.4759497918319442, 0.0]"
"[1.0, 0.3604788638195182, 0.33020397996562273, 1.0]"
"[1.0, 0.2611651317226232, 0.9343653732190724, 1.0]"
"[1.0, 0.5542384792755012, 0.742120998958228, 0.0]"
"[1.0, 0.4613160314537231, 0.3594236169847413, 1.0]"
"[1.0, 0.5036843367976896, 0.361801581290543, 1.0]"
"[1.0, 0.7212901323466407, 0.42270952913105636, 1.0]"
"[1.0, 0.49869277922934785, 0.504087957211666, 1.0]"
"[1.0, 0.42375181556498925, 0.5282487693792636, 1.0]"
"[1.0, 0.4411930584525434, 0.4803250266775049, 1.0]"
"[1.0, 0.6452381819946372, 0.4536152661188933, 0.0]"
"[1.0, 0.49513334375923107, 0.56032345385885, 1.0]"
"[1.0, 0.3968464481650276, 0.3626519595060253, 1.0]"
"[1.0, 0.8710587239215904, 0.3814022965065515, 0.0]"
"[1.0, 0.50274817459826, 0.8062195527321822, 1.0]"
"[1.0, 0.30331164397034216, 0.2815467346503721, 0.0]"
"[1.0, 0.6432167475168027, 0.5493305444343588, 0.0]"
"[1.0, 0.3181315130585572, 0.5803498990181064, 0.0]"
"[1.0, 0.48755667237808203, 0.33188787985184787, 1.0]"
"[1.0, 0.8526146441035753, 0.4311341688040026, 0.0]"
"[1.0, 0.6462398300883656, 0.4044710818974535, 1.0]"
"[1.0, 0.2981136661382639, 0.5217748174575391, 1.0]"
"[1.0, 0.5083418003427506, 0.6612584154465673, 1.0]"
"[1.0, 0.4301364270164058, 0.6751207547985417, 1.0]"
"[1.0, 0.6487768910554413, 0.40730112345232744, 1.0]"
"[1.0, 0.503426883469383, 0.5667154939364543, 0.0]"
"[1.0, 0.683116873693969, 0.641645836921865, 0.0]"
"[1.0, 0.5831130170608384, 0.7861032312554748, 0.0]"
"[1.0, 0.12489980517644335, 0.2573908198512184, 1.0]"
"[1.0, 0.7517137819445798, 0.43948766431176595, 0.0]"
"[1.0, 0.47137721981902914, 0.5184594767100011, 0.0]"
"[1.0, 0.6985386842966698, 0.5252678616260545, 0.0]"
"[1.0, 0.48760578591838, 0.39869734550481917, 0.0]"
"[1.0, 0.5985501949520448, 0.4649024744257626, 1.0]"
"[1.0, 0.49086731569545455, 0.5943526797127331, 0.0]"
"[1.0, 0.6877105869150673, 0.5026391334688702, 0.0]"
"[1.0, 0.3873217250085206, 0.46188116014560704, 1.0]"
"[1.0, 0.5448267957786808, 0.4752893175068745, 0.0]"
"[1.0, 0.44678862391913327, 0.4218471693965052, 1.0]"
"[1.0, 0.4921800707523395, 0.40715326553901193, 1.0]"
"[1.0, 0.40201294594643433, 0.45063386111833303, 1.0]"
"[1.0, 0.5480143603671286, 0.4304827868451567, 0.0]"
"[1.0, 0.4150121708056946, 0.3417251176040992, 1.0]"
"[1.0, 0.5161579152126956, 0.5681176995548992, 0.0]"
"[1.0, 0.6771758699810765, 0.5080135274322873, 0.0]"
"[1.0, 0.42629139457601045, 0.2615789592355268, 1.0]"
"[1.0, 0.3542797979707339, 0.25570370361566613, 0.0]"
"[1.0, 0.5053622453714866, 0.45395121113496245, 0.0]"
"[1.0, 0.6299193898555073, 0.40754203114659115, 1.0]"
"[1.0, 0.39838504973708494, 0.28082028963077316, 1.0]"
"[1.0, 0.28958159635859326, 0.27606362923857375, 1.0]"
"[1.0, 0.232014497095751, 0.6069991830089071, 1.0]"
"[1.0, 0.5497033854060518, 0.32807528692460086, 1.0]"
"[1.0, 0.39093643668687794, 0.018154478274382112, 1.0]"
"[1.0, 0.6187970745788163, 0.5216890896087213, 0.0]"
"[1.0, 0.617421662740779, 0.3901759468437897, 0.0]"
"[1.0, 0.3327577809883589, 0.36363265397032296, 1.0]"
"[1.0, 0.770511663641376, 0.593596093418115, 0.0]"
"[1.0, 0.47428003780599476, 0.40542755179468565, 1.0]"
"[1.0, 0.28578378053865133, 0.3869354566592613, 0.0]"
"[1.0, 0.41913414908931934, 0.181496629464841, 1.0]"
"[1.0, 0.35335799102020465, 0.42141592412504925, 1.0]"
"[1.0, 0.3415849416930445, 0.4823174639361383, 0.0]"
"[1.0, 0.5271521923499711, 0.3463910309253439, 1.0]"
"[1.0, 0.8090616425124665, 0.5011776395317146, 0.0]"
"[1.0, 0.5518635860677282, 0.28794886461768837, 0.0]"
"[1.0, 0.4647852326383456, 0.5533059741490504, 1.0]"
"[1.0, 0.35344896535505294, 0.4460838023915417, 0.0]"
"[1.0, 0.44882113793774675, 0.6814249744886217, 1.0]"
"[1.0, 0.482457214324977, 0.2761872794845613, 1.0]"
"[1.0, 0.17384774285597113, 0.3882456285880072, 1.0]"
"[1.0, 0.3601161233632161, 0.4292610748602483, 1.0]"
"[1.0, 0.5647403295144343, 0.1240320843273398, 1.0]"
"[1.0, 0.48927460126205713, 0.38768495731081215, 0.0]"
"[1.0, 0.5223730232698552, 0.7420598275697683, 0.0]"
"[1.0, 0.3387765346764564, 0.41482930204622537, 1.0]"
"[1.0, 0.4356670766701324, 0.48287528618090714, 0.0]"
"[1.0, 0.2754082535013242, 0.5968652539859353, 1.0]"
"[1.0, 0.4539889673581696, 0.3984495958748754, 1.0]"
"[1.0, 0.4196914990392343, 0.7027092973351298, 0.0]"
"[1.0, 0.1498845445095903, 0.3113310010408693, 1.0]"
"[1.0, 0.6770762387546706, 0.5398120227885612, 0.0]"
"[1.0, 0.5565249183343747, 0.29737765835646124, 1.0]"
"[1.0, 0.4229380365546874, 0.6290111406165576, 0.0]"
"[1.0, 0.4878618267218668, 0.39455210660980705, 0.0]"
"[1.0, 0.6536865598834452, 0.42301170544214145, 0.0]"
"[1.0, 0.5410287494099411, 0.45534666493502823, 0.0]"
"[1.0, 0.4155722609693412, 0.4848764153478214, 0.0]"
"[1.0, 0.4630267731183354, 0.48170556670035664, 0.0]"
"[1.0, 0.19549732741125533, 0.304029386433876, 1.0]"
"[1.0, 0.5203530085681517, 0.5805417861915191, 1.0]"
"[1.0, 0.5186279540473931, 0.6530434315947671, 1.0]"
"[1.0, 0.6474886445673437, 0.805573382389112, 0.0]"
"[1.0, 0.6058004095325543, 0.7728638505224934, 0.0]"
"[1.0, 0.6883371839712291, 0.8020276518173939, 0.0]"
"[1.0, 0.35837934750725153, 0.2757096018541837, 1.0]"
"[1.0, 0.47523197981846166, 0.4620570500271826, 1.0]"
"[1.0, 0.6711580288806551, 0.43894613907678137, 1.0]"
"[1.0, 0.5199986165109093, 0.36404513408015254, 0.0]"
"[1.0, 0.5841393827702235, 0.30614824769027427, 1.0]"
"[1.0, 0.5378603071290379, 0.41270488815051126, 0.0]"
"[1.0, 0.5599368309621634, 0.38448337216639106, 0.0]"
"[1.0, 0.5896836133514533, 0.5356563980608964, 0.0]"
"[1.0, 0.4332574487518926, 0.42013785603568393, 1.0]"
"[1.0, 0.6626812522562466, 0.6927636370541709, 0.0]"
"[1.0, 0.4420653588178675, 0.6722659041651511, 0.0]"
"[1.0, 0.36344934193438383, 0.4190185986455686, 1.0]"
"[1.0, 0.6771144867213651, 0.5375713141150926, 0.0]"
"[1.0, 0.6942318696149267, 0.5065786972869556, 0.0]"
"[1.0, 0.5856099020256352, 0.6196081529091476, 1.0]"
"[1.0, 0.5369913678873451, 0.402208504348687, 0.0]"
"[1.0, 0.6728091258546962, 0.46431576311070316, 0.0]"
"[1.0, 0.5645250680776047, 0.45040743127583954, 1.0]"
"[1.0, 0.4508563340525178, 0.3959172587848738, 1.0]"
"[1.0, 0.7798065459893636, 0.39816709279003076, 0.0]"
"[1.0, 0.4844079013118311, 0.6879246231421067, 0.0]"
"[1.0, 0.5533025189850311, 0.4698553208896223, 0.0]"
"[1.0, 0.5003158713379967, 0.8047133734300419, 1.0]"
"[1.0, 0.5817742285686023, 0.5288627313240548, 1.0]"
"[1.0, 0.5342808535217222, 0.6744658093653656, 0.0]"
"[1.0, 0.5789516961274095, 0.6255137415831321, 0.0]"
"[1.0, 0.6058805666085616, 0.6560518777122077, 1.0]"
"[1.0, 0.3673398265960588, 0.35520967134959275, 1.0]"
"[1.0, 0.6051204219109833, 0.398104028982096, 0.0]"
"[1.0, 0.2814000550616854, 0.54588863233212, 1.0]"
"[1.0, 0.6497056423600209, 0.5131957248912462, 1.0]"
"[1.0, 0.39339125924426416, 0.5472206147552513, 0.0]"
"[1.0, 0.6559327245780122, 0.44420629480690504, 0.0]"
"[1.0, 0.41102415384722013, 0.3917419434483815, 0.0]"
"[1.0, 0.45485109646118493, 0.3266864210374017, 0.0]"
"[1.0, 0.6405361724151658, 0.5594764794261486, 0.0]"
"[1.0, 0.27349359837770815, 0.43725661091942425, 1.0]"
"[1.0, 0.5661796335778161, 0.36917764446626317, 1.0]"
"[1.0, 0.462321776071032, 0.6950135367268797, 0.0]"
"[1.0, 0.5487537720592862, 0.4867712599126023, 0.0]"
"[1.0, 0.5335004937990906, 0.4437457216426162, 1.0]"
"[1.0, 0.3464411046150892, 0.6108220983838152, 0.0]"
"[1.0, 0.6194839258954333, 0.5724052368762226, 0.0]"
"[1.0, 0.5641826442843876, 0.43616018283646074, 1.0]"
"[1.0, 0.6017871998181112, 0.2426136758302107, 0.0]"
"[1.0, 0.33965071810790765, 0.45146031997162667, 1.0]"
"[1.0, 0.6605182569802678, 0.4877342970479571, 0.0]"
"[1.0, 0.28976068919680903, 0.496613365140515, 1.0]"
"[1.0, 0.7468983138934826, 0.5217924694312395, 1.0]"
"[1.0, 0.4404477347382662, 0.5414963679060625, 0.0]"
"[1.0, 0.6353583065967079, 0.355704038063673, 1.0]"
"[1.0, 0.5083613749404786, 0.44461631409542934, 1.0]"
"[1.0, 0.4807767934843426, 0.4067381076766953, 1.0]"
"[1.0, 0.874676975341409, 0.6154760379554822, 0.0]"
"[1.0, 0.5908325917781625, 0.7109329829277838, 0.0]"
"[1.0, 0.4895035506257278, 0.8492112067205351, 0.0]"
"[1.0, 0.30598180292835525, 0.454023698675669, 0.0]"
"[1.0, 0.3110230829768803, 0.4698879736851619, 1.0]"
"[1.0, 0.38680389499693896, 0.5517543579922848, 0.0]"
"[1.0, 0.4079687098727502, 0.5007180691583639, 1.0]"
"[1.0, 0.493758712133099, 0.45307904770885815, 1.0]"
"[1.0, 0.7882840253229783, 0.483260272524256, 0.0]"
"[1.0, 0.39204440224342924, 0.45887972061557836, 1.0]"
"[1.0, 0.5536034342801527, 0.2816119708427892, 1.0]"
"[1.0, 0.508882450035843, 0.2726865527830168, 1.0]"
"[1.0, 0.4334302258004692, 0.595422238704981, 1.0]"
"[1.0, 0.6544534211456798, 0.46939471080928263, 0.0]"
"[1.0, 0.565765713468354, 0.3064805475865243, 0.0]"
"[1.0, 0.6415772218873749, 0.4556990082715169, 0.0]"
"[1.0, 0.5249841135596407, 0.4849670614154081, 0.0]"
"[1.0, 0.4715109457506757, 0.6082720574796192, 1.0]"
"[1.0, 0.5924167987435954, 0.5333339274022824, 0.0]"
"[1.0, 0.694420471968899, 0.47116307018607995, 0.0]"
"[1.0, 0.5228545408725376, 0.3990815397113651, 1.0]"
"[1.0, 0.14783640647714089, 0.23874278394319146, 1.0]"
"[1.0, 0.5229243488685061, 0.40853191498599567, 1.0]"
"[1.0, 0.6933448422372225, 0.4076307598182081, 1.0]"
"[1.0, 0.5509900684904354, 0.6491511955144422, 0.0]"
"[1.0, 0.5971235348915586, 0.42084121482822034, 1.0]"
"[1.0, 0.2211271761602214, 0.6056186237598613, 1.0]"
"[1.0, 0.6854936174472278, 0.4782614671575062, 0.0]"
"[1.0, 0.38554509097308676, 0.5868891098700761, 1.0]"
"[1.0, 0.5832682402455911, 0.49921188011144046, 1.0]"
"[1.0, 0.648926593032778, 0.4699651609771184, 1.0]"
"[1.0, 0.29143579866439795, 0.3890157061847668, 1.0]"
"[1.0, 0.33235471506208636, 0.37954192850434243, 0.0]"
"[1.0, 0.6370801914195808, 0.51077976352216, 1.0]"
"[1.0, 0.7365084959366377, 0.3439816102376497, 0.0]"
"[1.0, 0.22263954984717593, 0.40070270417131637, 1.0]"
"[1.0, 0.49489432651008447, 0.4808465336682254, 1.0]"
"[1.0, 0.4336541448344563, 0.6237586442865752, 0.0]"
"[1.0, 0.5957881247030755, 0.5945396111806854, 0.0]"
"[1.0, 0.10312697413561892, 0.5710474412228792, 1.0]"
"[1.0, 0.5485738007164377, 0.6999256122439929, 1.0]"
"[1.0, 0.6506833745960267, 0.4324492384962509, 1.0]"
"[1.0, 0.7076277780386356, 0.39243468161164813, 0.0]"
"[1.0, 0.7637324897374459, 0.48800482541752505, 0.0]"
"[1.0, 0.829466284498163, 0.3714716067156959, 0.0]"
"[1.0, 0.4683876703258842, 0.5586963510066045, 0.0]"
"[1.0, 0.6377321560317365, 0.6730505879200026, 0.0]"
"[1.0, 0.624173527098613, 0.6317057762483257, 1.0]"
"[1.0, 0.607137615500552, 0.3430245719385872, 0.0]"
"[1.0, 0.47122815579941535, 0.29397052183241584, 0.0]"
"[1.0, 0.42429558128619693, 0.5420462854191707, 0.0]"
"[1.0, 0.6150977266068792, 0.23714195939316662, 0.0]"
"[1.0, 0.6702212198908916, 0.4414563610381627, 0.0]"
"[1.0, 0.6740906527919339, 0.4744482954691076, 0.0]"
"[1.0, 0.30023162120719477, 0.4707237278771156, 1.0]"
"[1.0, 0.6949762856177338, 0.6230045602505426, 0.0]"
"[1.0, 0.5107495136066227, 0.3750355960714405, 0.0]"
"[1.0, 0.5749908732169823, 0.3496553718635156, 0.0]"
"[1.0, 0.230111929451213, 0.6913369946781868, 1.0]"
"[1.0, 0.48730753754269635, 0.6234530568621725, 0.0]"
"[1.0, 0.5432846817693975, 0.5842530001813112, 0.0]"
"[1.0, 0.5551409704200365, 0.5751178774447883, 0.0]"
"[1.0, 0.556673165198836, 0.2655993140720014, 0.0]"
"[1.0, 0.5330950467973486, 0.5284402653127721, 1.0]"
"[1.0, 0.4602213473285889, 0.6511868161244765, 0.0]"
"[1.0, 0.7204784544709462, 0.6226333310400148, 0.0]"
"[1.0, 0.26353311240398763, 0.29239891864103124, 1.0]"
"[1.0, 0.48613426065877174, 0.6286352390455235, 1.0]"
"[1.0, 0.26598327584706977, 0.40425447563114025, 1.0]"
"[1.0, 0.3346600414697008, 0.6068252606957694, 0.0]"
"[1.0, 0.3839936183710422, 0.33732313995495405, 1.0]"
"[1.0, 0.3938848569802155, 0.390675921285943, 1.0]"
"[1.0, 0.6058849950858683, 0.5610877805845615, 0.0]"
"[1.0, 0.4110344515065916, 0.4197266056561283, 0.0]"
"[1.0, 0.44411110025162853, 0.23666711371989416, 1.0]"
"[1.0, 0.24358877801673828, 0.3433852815232133, 1.0]"
"[1.0, 0.6478202257693868, 0.6146254270942573, 0.0]"
"[1.0, 0.4218268573954943, 0.49995521134908527, 1.0]"
"[1.0, 0.5426697417946598, 0.44502645523764534, 1.0]"
"[1.0, 0.5201287436196176, 0.4338784803152872, 0.0]"
"[1.0, 0.3187053398229078, 0.26635947924824477, 1.0]"
"[1.0, 0.503754915864253, 0.7246738429258083, 0.0]"
"[1.0, 0.5059178053945942, 0.42750790549456347, 0.0]"
"[1.0, 0.6534435973802147, 0.3599365929439052, 0.0]"
"[1.0, 0.35819176608849607, 0.38324038674759914, 1.0]"
"[1.0, 0.34387119198477367, 0.5088723729870673, 0.0]"
"[1.0, 0.38745006979453256, 0.5760787753367053, 0.0]"
"[1.0, 0.44252550407770547, 0.5573167494678964, 1.0]"
"[1.0, 0.39027267132161403, 0.5180774897409016, 1.0]"
"[1.0, 0.38676167782983006, 0.13584751799499217, 1.0]"
"[1.0, 0.3643543757117951, 0.3822295157602561, 1.0]"
"[1.0, 0.41339447400509965, 0.48895190783960313, 1.0]"
"[1.0, 0.4544489820944386, 0.43235333941950305, 1.0]"
"[1.0, 0.4314705286050025, 0.4894033723963613, 1.0]"
"[1.0, 0.6089948510901653, 0.6034639322060464, 1.0]"
"[1.0, 0.47139948421782374, 0.0774152176225987, 1.0]"
"[1.0, 0.8096667740297623, 0.624344962474226, 0.0]"
"[1.0, 0.5355515574860109, 0.5978358108023006, 1.0]"
"[1.0, 0.43422821017381447, 0.38832580401698513, 0.0]"
"[1.0, 0.2574729956345811, 0.4956270933676739, 1.0]"
"[1.0, 0.5202016928878349, 0.5882531377955702, 0.0]"
"[1.0, 0.41059956689160987, 0.22665354124985074, 1.0]"
"[1.0, 0.6296226878672171, 0.6671167139572715, 1.0]"
"[1.0, 0.6031137096953229, 0.6075229760732546, 0.0]"
"[1.0, 0.4459892631200137, 0.5019436558800471, 1.0]"
"[1.0, 0.2909466720631096, 0.5088783068142372, 1.0]"
"[1.0, 0.7033951194294654, 0.4272067417191997, 0.0]"
"[1.0, 0.5187320216513162, 0.7141863523805703, 0.0]"
"[1.0, 0.5954556013537186, 0.43553191726083207, 0.0]"
"[1.0, 0.5436048993569949, 0.31076553195004963, 0.0]"
"[1.0, 0.537582048698018, 0.530896298725681, 0.0]"
"[1.0, 0.4189788407536577, 0.4502060722163763, 1.0]"
"[1.0, 0.694172013559084, 0.4443863758673616, 0.0]"
"[1.0, 0.3539583334603286, 0.6370905312873779, 1.0]"
"[1.0, 0.5421346562120388, 0.5611781437022525, 0.0]"
"[1.0, 0.5911585209468208, 0.4727193753397158, 0.0]"
"[1.0, 0.3007941971902449, 0.2333629495371583, 1.0]"
"[1.0, 0.47041801251749854, 0.5304766042714026, 0.0]"
"[1.0, 0.4296097453422162, 0.5603933518329736, 0.0]"
"[1.0, 0.587381453120019, 0.6446600840389256, 0.0]"
"[1.0, 0.4363833344086487, 0.5066876595976786, 1.0]"
"[1.0, 0.4724606439081508, 0.496440552503669, 0.0]"
"[1.0, 0.5003965015194136, 0.7224352518992283, 0.0]"
"[1.0, 0.2850701273179918, 0.1923942209879836, 1.0]"
"[1.0, 0.542964524416177, 0.27407101591539945, 1.0]"
"[1.0, 0.5250717929335423, 0.5214315297468057, 0.0]"
"[1.0, 0.4490437477418473, 0.7194599919506125, 0.0]"
"[1.0, 0.7598735908594791, 0.5153649108893016, 0.0]"
"[1.0, 0.3397269809472955, 0.5311631566477728, 1.0]"
"[1.0, 0.7351664765734366, 0.5911018395142176, 1.0]"
"[1.0, 0.3063260222175862, 0.5160306146077951, 0.0]"
"[1.0, 0.7171161127325452, 0.4220315375912343, 0.0]"
"[1.0, 0.44984740759090786, 0.5726503575214951, 0.0]"
"[1.0, 0.7049949753063668, 0.29900972714179846, 0.0]"
"[1.0, 0.5188979243515317, 0.6510772322106693, 0.0]"
"[1.0, 0.2787065926634389, 0.36303041798544616, 0.0]"
"[1.0, 0.5301810212408391, 0.2751549935883881, 1.0]"
"[1.0, 0.48934454768180435, 0.4222259883890336, 0.0]"
"[1.0, 0.44169490543172635, 0.6138147019407851, 0.0]"
"[1.0, 0.46081342994776847, 0.2979836861157626, 0.0]"
"[1.0, 0.4520525902412576, 0.5680362128379507, 0.0]"
"[1.0, 0.5977104319047545, 0.5642854001725762, 0.0]"
"[1.0, 0.6035921364510222, 0.5514820843845956, 0.0]"
"[1.0, 0.33910020678530645, 0.37565177701765295, 1.0]"
"[1.0, 0.5738748721953754, 0.4237988262708749, 0.0]"
"[1.0, 0.44379107883368335, 0.2928697439764099, 1.0]"
"[1.0, 0.35807555835002675, 0.5460133226801562, 0.0]"
"[1.0, 0.5346125692604387, 0.4038777316630464, 0.0]"
"[1.0, 0.22320757465054894, 0.4217482810853495, 1.0]"
"[1.0, 0.3695081734706345, 0.5341386432284572, 1.0]"
"[1.0, 0.5057641194685235, 0.2782246249213465, 1.0]"
"[1.0, 0.4896365778045736, 0.7361896202308154, 0.0]"
"[1.0, 0.6123351974023198, 0.4165907360860389, 1.0]"
"[1.0, 0.2521319719916458, 0.5117387074093237, 1.0]"
"[1.0, 0.351034525370911, 0.5348886886222061, 1.0]"
"[1.0, 0.5907463804384524, 0.22693477782005678, 0.0]"
"[1.0, 0.45995926855952096, 0.3219713970780038, 1.0]"
"[1.0, 0.6067140800162972, 0.3824133941698568, 0.0]"
"[1.0, 0.42092781387370265, 0.5429371447399228, 0.0]"
"[1.0, 0.5602146188770778, 0.5989036445288443, 1.0]"
"[1.0, 0.6205538838116996, 0.5240688154378462, 0.0]"
"[1.0, 0.5072664040326746, 0.378586566176424, 0.0]"
"[1.0, 0.6469451791612227, 0.5685998698818169, 1.0]"
"[1.0, 0.3902613480398209, 0.1807180793491261, 1.0]"
"[1.0, 0.585217752973932, 0.4847114857582968, 0.0]"
"[1.0, 0.582016419629539, 0.43854350958271227, 1.0]"
"[1.0, 0.567048249238492, 0.6842211142914857, 0.0]"
"[1.0, 0.3626528337474401, 0.14924832269733374, 1.0]"
"[1.0, 0.6775748626559999, 0.4582151593193638, 0.0]"
"[1.0, 0.34865745012382554, 0.2559968721031125, 1.0]"
"[1.0, 0.42836508227248893, 0.7406462591382427, 1.0]"
"[1.0, 0.475831185434721, 0.48546425297553786, 1.0]"
"[1.0, 0.6419953491863598, 0.5506071347843109, 0.0]"
"[1.0, 0.6884713082145889, 0.3831080161929917, 0.0]"
"[1.0, 0.32682926253075645, 0.5338605081771499, 1.0]"
"[1.0, 0.6601863721682334, 0.610231174820075, 0.0]"
"[1.0, 0.7747721445669038, 0.5548868554720878, 0.0]"
"[1.0, 0.6087305764721669, 0.373466902137003, 1.0]"
"[1.0, 0.3787992306237913, 0.2989659863624218, 1.0]"
"[1.0, 0.5554106924093551, 0.6475581808819642, 0.0]"
"[1.0, 0.3675054043607555, 0.5723654728904777, 1.0]"
"[1.0, 0.36183234283448823, 0.3898689841757853, 1.0]"
"[1.0, 0.46605639699462825, 0.7364867146809949, 0.0]"
"[1.0, 0.7088976223227162, 0.541707235767627, 0.0]"
"[1.0, 0.6336370829722875, 0.8531984290722894, 0.0]"
"[1.0, 0.6779999456994485, 0.5590266659518297, 0.0]"
"[1.0, 0.6750785194856018, 0.5202027602119005, 0.0]"
"[1.0, 0.3239281298715641, 0.5206236654775247, 1.0]"
"[1.0, 0.4287543164679355, 0.31417442244740423, 1.0]"
"[1.0, 0.3680509954148157, 0.4516777829010147, 1.0]"
"[1.0, 0.6791346136955138, 0.6310181101133903, 1.0]"
"[1.0, 0.5681792463206262, 0.36617077840846746, 1.0]"
"[1.0, 0.8715448314014874, 0.4386751159619011, 0.0]"
"[1.0, 0.6046659934549139, 0.3016131009409875, 1.0]"
"[1.0, 0.6049907774521973, 0.5844183974326729, 0.0]"
"[1.0, 0.6310943586507125, 0.31290741012263573, 1.0]"
"[1.0, 0.5860416305066489, 0.45091800540914645, 0.0]"
"[1.0, 0.6691189266852507, 0.6768456550289955, 0.0]"
"[1.0, 0.6654209396725678, 0.4063018409444359, 0.0]"
"[1.0, 0.6681908718780692, 0.6168198402747327, 0.0]"
"[1.0, 0.4742986819996229, 0.6967586673481776, 0.0]"
"[1.0, 0.42147335263769614, 0.43178191380757913, 1.0]"
"[1.0, 0.4218021403720384, 0.46570566326185897, 1.0]"
"[1.0, 0.5220873063159222, 0.5583012410179649, 0.0]"
"[1.0, 0.1556466345753988, 0.4731251992792944, 1.0]"
"[1.0, 0.5145056238894143, 0.47485038118667766, 0.0]"
"[1.0, 0.27095543061890565, 0.445260290764735, 0.0]"
"[1.0, 0.7022220246724755, 0.10167448059567095, 1.0]"
"[1.0, 0.6504409138002414, 0.4342763675673371, 0.0]"
"[1.0, 0.644587835709668, 0.5241656846473374, 0.0]"
"[1.0, 0.793122370492759, 0.6493826280743935, 0.0]"
"[1.0, 0.3430543151155793, 0.41780640814853937, 0.0]"
"[1.0, 0.4565123534520216, 0.37470943587189376, 1.0]"
"[1.0, 0.5151894624287493, 0.38987818812417435, 1.0]"
"[1.0, 0.41252082681143915, 0.43193793605008723, 0.0]"
"[1.0, 0.45011979207075886, 0.7691866554415938, 0.0]"
"[1.0, 0.6565336216834516, 0.4395125326491044, 0.0]"
"[1.0, 0.5852392203397995, 0.6233622189276913, 0.0]"
"[1.0, 0.2729485494519457, 0.3670266093572853, 1.0]"
"[1.0, 0.3051247452436754, 0.38183242108396376, 1.0]"
"[1.0, 0.6959244678798557, 0.5306798370069964, 0.0]"
"[1.0, 0.3445717590616677, 0.28765966269624244, 1.0]"
"[1.0, 0.33518964634135856, 0.6034353054987002, 1.0]"
"[1.0, 0.5352540013615191, 0.7579067947017815, 0.0]"
"[1.0, 0.6283570233928222, 0.5843075849737669, 0.0]"
"[1.0, 0.7307046300129881, 0.652504681999063, 0.0]"
"[1.0, 0.6093806728232146, 0.5723990796213498, 0.0]"
"[1.0, 0.3451448653066899, 0.43414940984512485, 1.0]"
"[1.0, 0.3213441089589657, 0.5594055558793625, 1.0]"
"[1.0, 0.7537815512118305, 0.3081128083265472, 0.0]"
"[1.0, 0.6145637096757356, 0.5285679693888601, 0.0]"
"[1.0, 0.5461502863770008, 0.37404814351172216, 0.0]"
"[1.0, 0.47991834347896833, 0.15711280265034236, 1.0]"
"[1.0, 0.532764060662572, 0.506832085240083, 1.0]"
"[1.0, 0.5642921617103337, 0.5880633703760266, 0.0]"
"[1.0, 0.378056172493234, 0.6720090667341067, 0.0]"
"[1.0, 0.580625736962421, 0.5853660637077714, 1.0]"
"[1.0, 0.6685886755146597, 0.6070926073933942, 1.0]"
"[1.0, 0.3821866913639658, 0.4640775438355137, 1.0]"
"[1.0, 0.5331385493866154, 0.5569181242898916, 1.0]"
"[1.0, 0.6651999441636476, 0.18156700984966376, 1.0]"
"[1.0, 0.7475112561482453, 0.6405398330962795, 0.0]"
"[1.0, 0.3216222140855889, 0.6020748435934712, 1.0]"
"[1.0, 0.5249964082333861, 0.3851220327488161, 1.0]"
"[1.0, 0.5820094649749761, 0.5810063303552441, 0.0]"
"[1.0, 0.5032157863253203, 0.5722551938487531, 0.0]"
"[1.0, 0.4552780382212302, 0.414368365866789, 1.0]"
"[1.0, 0.3415028655274635, 0.4359497541924969, 1.0]"
"[1.0, 0.48408898977891696, 0.334616190252394, 1.0]"
"[1.0, 0.43447688071120255, 0.5814683011498005, 0.0]"
"[1.0, 0.6462080456150017, 0.35629291403761976, 0.0]"
"[1.0, 0.4899835492145515, 0.5836514658208768, 1.0]"
"[1.0, 0.4163672749959593, 0.5247781187680371, 1.0]"
"[1.0, 0.5849946373673797, 0.23546066588546954, 0.0]"
"[1.0, 0.2938775366089213, 0.4649578440683795, 1.0]"
"[1.0, 0.28836538580133525, 0.5199550224776153, 1.0]"
"[1.0, 0.476889540752034, 0.5728466250630595, 1.0]"
"[1.0, 0.5554816346524859, 0.6606931372569418, 0.0]"
"[1.0, 0.21833176795038683, 0.5435373765914732, 1.0]"
"[1.0, 0.3265068895087807, 0.4532893032731695, 1.0]"
"[1.0, 0.47552086932418364, 0.5444111715665529, 1.0]"
"[1.0, 0.538321717644706, 0.5558243728620286, 0.0]"
"[1.0, 0.5503620339362213, 0.4802594494615478, 0.0]"
"[1.0, 0.3764250823226785, 0.7130821856223303, 1.0]"
"[1.0, 0.4358716171311457, 0.48863000084316777, 1.0]"
"[1.0, 0.5092334995481768, 0.0, 1.0]"
"[1.0, 0.6258516500994855, 0.46691970232683533, 0.0]"
"[1.0, 0.4406297174091066, 0.40169589302880165, 1.0]"
"[1.0, 0.5335168158601262, 0.6107987893435867, 1.0]"
"[1.0, 0.3379873332767299, 0.3206199218827151, 1.0]"
"[1.0, 0.5780253647882486, 0.6415040736685498, 1.0]"
"[1.0, 0.5200174267727523, 0.6603943866324541, 0.0]"
"[1.0, 0.25916659885790516, 0.6502909306022141, 1.0]"
"[1.0, 0.487146005951914, 0.6072788043153394, 0.0]"
"[1.0, 0.5417513212748949, 0.3431054273515621, 1.0]"
"[1.0, 0.7741392406482139, 0.6130717651474102, 0.0]"
"[1.0, 0.6621233425065093, 0.36314925852215063, 0.0]"
"[1.0, 0.7240460371052628, 0.6702125036701543, 0.0]"
"[1.0, 0.5886755900716082, 0.35308925860947077, 0.0]"
"[1.0, 0.30184116560828256, 0.3380180052026278, 1.0]"
"[1.0, 0.5654451986526735, 0.5199084538673008, 1.0]"
"[1.0, 0.7275540126096581, 0.3219075550920102, 0.0]"
"[1.0, 0.4789178415772175, 0.32777078854564096, 1.0]"
"[1.0, 0.7755285960107221, 0.3077402770460887, 0.0]"
"[1.0, 0.3949315283024703, 0.45646137958782274, 1.0]"
"[1.0, 0.6359279246154346, 0.4430980507345136, 0.0]"
"[1.0, 0.6326352610298341, 0.456590606088866, 0.0]"
"[1.0, 0.3822618208948933, 0.17428783295875339, 1.0]"
"[1.0, 0.5989467433309176, 0.6284877479223632, 0.0]"
"[1.0, 0.36754432253491326, 0.3474708056115842, 1.0]"
"[1.0, 0.7118628015574535, 0.6616467118559709, 0.0]"
"[1.0, 0.49266200888056333, 0.5102155395250121, 1.0]"
"[1.0, 0.48676427683013873, 0.37980282498904344, 1.0]"
"[1.0, 0.3434119002815365, 0.4799353966373621, 1.0]"
"[1.0, 0.5141586570091427, 0.5667801860889989, 1.0]"
"[1.0, 0.5829943584239112, 0.23719565710301926, 1.0]"
"[1.0, 0.5393435767188832, 0.6738406488641648, 0.0]"
"[1.0, 0.4346383269242756, 0.3843704357396562, 1.0]"
"[1.0, 0.3169082017999478, 0.37704949744567556, 1.0]"
"[1.0, 0.6328315668573343, 0.36696561337493583, 1.0]"
"[1.0, 0.6588470356130898, 0.5826658963748024, 0.0]"
"[1.0, 0.6764019447213373, 0.44607402854887623, 0.0]"
"[1.0, 0.4833214369836914, 0.33068654671210473, 1.0]"
"[1.0, 0.4405557149433321, 0.3712349541120468, 1.0]"
"[1.0, 0.2528336391318568, 0.39782348315026533, 1.0]"
"[1.0, 0.5207764105174334, 0.6002772602682025, 1.0]"
"[1.0, 0.6197495971622319, 0.5650660147778246, 0.0]"
"[1.0, 0.44627267754698013, 0.2550322304583624, 1.0]"
"[1.0, 0.2650905886743702, 0.49367867992610537, 0.0]"
"[1.0, 0.38551081740431425, 0.491880694869925, 1.0]"
"[1.0, 0.7204793827204425, 0.35272299612215413, 0.0]"
"[1.0, 0.6666363877083432, 0.4486522167346089, 0.0]"
"[1.0, 0.5766329601147115, 0.4662836448746776, 1.0]"
"[1.0, 0.5419695577141587, 0.6240400881309685, 0.0]"
"[1.0, 0.2786630381306054, 0.3964517848507731, 1.0]"
"[1.0, 0.24041205394046117, 0.16151739778355856, 1.0]"
"[1.0, 0.6224811690466943, 0.5871820126146315, 0.0]"
"[1.0, 0.5739863393604344, 0.6673497859234795, 0.0]"
"[1.0, 0.4751829208425341, 0.4602390163511048, 0.0]"
"[1.0, 0.7293894541086832, 0.3705145719721612, 0.0]"
"[1.0, 0.34450125383120106, 0.20516592289729554, 1.0]"
"[1.0, 0.5769213182777484, 0.3416947877543423, 1.0]"
"[1.0, 0.34874716595015176, 0.5648631465498233, 1.0]"
"[1.0, 0.5788581738361774, 0.546379125582393, 0.0]"
"[1.0, 0.4549710286069547, 0.5694923650971917, 0.0]"
"[1.0, 0.4847385339468526, 0.389127396683817, 1.0]"
"[1.0, 0.39099682513120715, 0.2757008170192921, 1.0]"
"[1.0, 0.6823611252302577, 0.8439094129334801, 0.0]"
"[1.0, 0.40535264109604896, 0.689410762383955, 1.0]"
"[1.0, 0.48506195913318473, 0.5945763926919172, 1.0]"
"[1.0, 0.672920444112764, 0.5359685500019081, 0.0]"
"[1.0, 0.5988335888283841, 0.3116367565408468, 1.0]"
"[1.0, 0.41224366938873686, 0.34275336095129744, 0.0]"
"[1.0, 0.4031343081111507, 0.6514028717227086, 0.0]"
"[1.0, 0.5881571776053759, 0.5509831601404361, 0.0]"
"[1.0, 0.460134332202344, 0.19506462884832168, 1.0]"
"[1.0, 0.7764276431235181, 0.35387565375907243, 0.0]"
"[1.0, 0.4235649791095934, 0.4080524197778387, 0.0]"
"[1.0, 0.7226277465299641, 0.41163918668803223, 0.0]"
"[1.0, 0.7233757623826099, 0.5781923672109494, 0.0]"
"[1.0, 0.5981086939551361, 0.35470853899007776, 0.0]"
"[1.0, 0.6825448339584217, 0.40091641628070795, 0.0]"
"[1.0, 0.6878595868509999, 0.5237599800594129, 0.0]"
"[1.0, 0.4453844108001769, 0.244043101439383, 1.0]"
"[1.0, 0.7838026122036121, 0.443558231780989, 0.0]"
"[1.0, 0.5970450602453201, 0.16321507995468315, 0.0]"
"[1.0, 0.45311575003926285, 0.5620861002463491, 1.0]"
"[1.0, 0.5380851501474173, 0.5459448605253161, 0.0]"
"[1.0, 0.5205273309520185, 0.3892446313064725, 0.0]"
"[1.0, 0.5609320950308645, 0.6131389559152202, 0.0]"
"[1.0, 0.5382978684095693, 0.32882089541289355, 1.0]"
"[1.0, 0.3606716276501524, 0.32957703520327053, 1.0]"
"[1.0, 0.4281398508586087, 0.27783036457251326, 1.0]"
"[1.0, 0.6081868819158512, 0.843980643353169, 1.0]"
"[1.0, 0.4287518857610031, 0.2898485233251919, 1.0]"
"[1.0, 0.6319238864024113, 0.6592836690968744, 0.0]"
"[1.0, 0.7259707325833199, 0.7081743668638589, 0.0]"
"[1.0, 0.6443557710801815, 0.4551183514521463, 0.0]"
"[1.0, 0.4342596836913777, 0.339309966588416, 1.0]"
"[1.0, 0.3082163556243566, 0.36074128401306127, 1.0]"
"[1.0, 0.5421112679799958, 0.6224687840868928, 0.0]"
"[1.0, 0.42592591449187855, 0.6292159103942802, 1.0]"
"[1.0, 0.5942329614869747, 0.7682336981438981, 0.0]"
"[1.0, 0.4378628846689999, 0.209386789831048, 1.0]"
"[1.0, 0.585769749032047, 0.4475266586832737, 1.0]"
"[1.0, 0.34340602455376396, 0.3478711779591098, 1.0]"
"[1.0, 0.48049387327411425, 0.3733758354195778, 1.0]"
"[1.0, 0.4453658245540232, 0.6855082826482521, 1.0]"
"[1.0, 0.5341849360367033, 0.7366066095857592, 0.0]"
"[1.0, 0.41298479940810917, 0.622157679841836, 1.0]"
"[1.0, 0.4237970382706725, 0.5523547918505723, 0.0]"
"[1.0, 0.6918782874194196, 0.40628854212372584, 0.0]"
"[1.0, 0.5117818882007518, 0.5619963941553496, 1.0]"
"[1.0, 0.33514216326836144, 0.465987668792084, 1.0]"
"[1.0, 0.6298904392517957, 0.5770735029043464, 0.0]"
"[1.0, 0.4680647466453985, 0.48833383491287025, 0.0]"
"[1.0, 0.22173531004088765, 0.4693823142589911, 1.0]"
"[1.0, 0.4722083014488315, 0.3889240879213513, 1.0]"
"[1.0, 0.5927735961502377, 0.3296045100069282, 0.0]"
"[1.0, 0.6413624276339469, 0.6079362672827089, 0.0]"
"[1.0, 0.40389218477430516, 0.35881404049997073, 1.0]"
"[1.0, 0.6458481153970217, 0.6137365341567665, 0.0]"
"[1.0, 0.25102200473351466, 0.39366652593314144, 1.0]"
"[1.0, 0.6433347642144037, 0.4707604000009537, 0.0]"
"[1.0, 0.8008448820218675, 0.500034075753466, 0.0]"
"[1.0, 0.2712910779847899, 0.6637329190438608, 1.0]"
"[1.0, 0.45181463320157783, 0.3327649758944198, 1.0]"
"[1.0, 0.3632266030620164, 0.43698905141678873, 1.0]"
"[1.0, 0.5267416652862813, 0.5923310651664634, 0.0]"
"[1.0, 0.45973673583602, 0.5123231205356191, 1.0]"
"[1.0, 0.32234471869165604, 0.2745381215526356, 1.0]"
"[1.0, 0.3669225428429609, 0.5551178272617842, 0.0]"
"[1.0, 0.8514993886249292, 0.5332586671193951, 0.0]"
"[1.0, 0.5051612355673242, 0.3506150064451596, 1.0]"
"[1.0, 0.5871634888852056, 0.6893530921383252, 0.0]"
"[1.0, 0.3656883986384906, 0.624641543874702, 0.0]"
"[1.0, 0.30950834054357335, 0.6649726148957621, 0.0]"
"[1.0, 0.26498072182477334, 0.6884459115775146, 1.0]"
"[1.0, 0.6025976344628037, 0.5102259965999364, 0.0]"
"[1.0, 0.49486108486374225, 0.5572286977075969, 0.0]"
"[1.0, 0.5051067408057915, 0.47933208196636257, 1.0]"
"[1.0, 0.4528536971947283, 0.4768892471170163, 1.0]"
"[1.0, 0.4436894468696001, 0.4345410535877961, 0.0]"
"[1.0, 0.4863508987733754, 0.6341737573808273, 1.0]"
"[1.0, 0.655502652287234, 0.5719700022131482, 0.0]"
"[1.0, 0.497688784779495, 0.5313782619100976, 0.0]"
"[1.0, 0.3784608234952501, 0.396689026662685, 1.0]"
"[1.0, 0.42877987050416944, 0.5111463425832664, 1.0]"
"[1.0, 0.42593684041955915, 0.38809045405390746, 1.0]"
"[1.0, 0.4532242417167877, 0.49107347331742796, 1.0]"
"[1.0, 0.3069191167440698, 0.34441158302468905, 0.0]"
"[1.0, 0.5076826387399198, 0.376103137893422, 1.0]"
"[1.0, 0.506079789653561, 0.35542729410221474, 1.0]"
"[1.0, 0.5763580175606647, 0.48115039358825723, 1.0]"
"[1.0, 0.5309450433666143, 0.2877407044452871, 0.0]"
"[1.0, 0.6003218493791612, 0.6579330058352246, 0.0]"
"[1.0, 0.5875510511718973, 0.3112769656435272, 1.0]"
"[1.0, 0.4814399166267794, 0.3934937064925057, 1.0]"
"[1.0, 0.45971656956043017, 0.7394753907388919, 1.0]"
"[1.0, 0.6380576513881361, 0.6992752452351159, 0.0]"
"[1.0, 0.5626144738006215, 0.3871162145432428, 1.0]"
"[1.0, 0.4200067030362705, 0.42614268536938193, 1.0]"
"[1.0, 0.5643288563407264, 0.6451749366591071, 0.0]"
"[1.0, 0.7248046256756361, 0.4662809432869773, 0.0]"
"[1.0, 0.43123182680356226, 0.3731093696591956, 1.0]"
"[1.0, 0.2555747557491212, 0.3995087147358327, 0.0]"
"[1.0, 0.3287829263911478, 0.4736053936976436, 1.0]"
"[1.0, 0.3642383723518898, 0.43288273209127, 1.0]"
"[1.0, 0.3664949483705753, 0.4412175362256136, 1.0]"
"[1.0, 0.37004950574440554, 0.3229593660234774, 1.0]"
"[1.0, 0.5898149315900968, 0.669247492513734, 0.0]"
"[1.0, 0.38599952519366343, 0.4357297794353225, 1.0]"
"[1.0, 0.5370573826358255, 0.5238080536243034, 0.0]"
"[1.0, 0.6912386800526907, 0.6258666734694506, 0.0]"
"[1.0, 0.26193332788727797, 0.4304553944332074, 1.0]"
"[1.0, 0.5048380585446117, 0.5975403081757398, 0.0]"
"[1.0, 0.660986976444056, 0.3857635315214979, 1.0]"
"[1.0, 0.4756845415632257, 0.5765934136155363, 0.0]"
"[1.0, 0.5672581642238312, 0.563040222704152, 1.0]"
"[1.0, 0.6752883210896946, 0.413963062131867, 0.0]"
"[1.0, 0.8099404709651048, 0.6116405978995418, 0.0]"
"[1.0, 0.6149199202114222, 0.32885936953163475, 1.0]"
"[1.0, 0.3853619182685132, 0.3614972688086996, 0.0]"
"[1.0, 0.5053534938034069, 0.4925931416830393, 0.0]"
"[1.0, 0.45500241839741035, 0.5088005721902525, 1.0]"
"[1.0, 0.4126117817800625, 0.42823694727959344, 1.0]"
"[1.0, 0.3727643348532893, 0.24746252402893862, 1.0]"
